bandwidth,latency,packet_loss,uptime,label
80.49,74.93,78.79,80.19,gangguan
266.39,18.89,28.84,80.15,normal
329.76,206.03,71.23,80.97,gangguan
48.9,12.72,73.6,80.06,gangguan
508.17,2.11,73.36,80.04,gangguan
507.88,113.59,73.93,80.33,gangguan
141.17,43.12,74.0,80.01,gangguan
330.53,20.43,62.13,80.49,gangguan
143.31,40.41,68.89,80.11,gangguan
80.46,23.3,100.0,100.0,gangguan
174.52,33.83,45.77,80.09,normal
111.48,54.67,75.73,80.01,gangguan
195.41,24.46,53.32,86.37,gangguan
318.19,18.43,65.28,80.04,normal
39.39,14.96,58.56,80.03,normal
30.99,176.7,56.23,80.03,gangguan
19.82,1.75,26.7,84.9,normal
171.43,33.26,69.67,80.05,gangguan
165.58,23.6,100.0,85.5,gangguan
17.26,23.25,100.0,85.5,gangguan
127.99,136.91,15.36,86.99,gangguan
45.96,12.21,37.28,81.9,normal
218.19,22.87,29.05,80.03,normal
202.8,3.4,31.38,80.0,normal
169.89,31.81,56.06,80.04,gangguan
59.77,10.79,71.13,80.01,gangguan
295.53,18.93,61.05,80.22,normal
71.52,82.81,71.36,80.0,gangguan
68.08,87.3,71.72,80.0,gangguan
180.37,31.56,65.6,80.03,gangguan
23.8,23.82,62.31,80.0,gangguan
26.66,1.44,100.0,100.0,gangguan
106.8,5.95,61.1,80.05,gangguan
184.22,257.46,27.06,80.03,gangguan
80.19,50.27,10.81,80.63,normal
72.49,77.7,66.57,80.07,gangguan
2.52,35.39,58.08,80.03,gangguan
1.78,68.44,63.95,80.06,gangguan
33.84,5.55,8.95,93.27,normal
198.82,20.38,38.36,80.21,normal
106.02,52.07,63.17,80.0,gangguan
296.05,18.87,61.69,80.13,gangguan
83.61,121.68,23.59,80.4,gangguan
25.26,215.43,61.19,80.01,gangguan
102.2,6.1,59.75,80.03,normal
69.85,76.28,44.49,80.44,gangguan
10.77,50.62,54.37,80.31,gangguan
502.06,37.37,13.78,80.58,normal
93.51,56.42,59.82,80.03,gangguan
6.66,11.15,54.21,80.05,normal
399.81,110.67,21.13,80.67,gangguan
78.92,65.07,57.18,80.03,gangguan
27.76,181.63,51.64,80.09,gangguan
64.78,8.95,59.37,80.04,gangguan
59.56,64.62,100.0,83.89,gangguan
131.42,4.15,29.05,80.17,normal
187.98,26.3,50.13,80.01,normal
567.38,64.94,100.0,83.88,gangguan
65.09,77.22,52.33,80.03,gangguan
41.38,13.03,45.88,80.5,gangguan
7.15,82.66,53.05,80.33,gangguan
42.62,2.38,50.75,80.45,normal
509.65,86.49,8.24,80.04,normal
6.55,87.11,51.46,80.03,gangguan
60.21,8.99,50.5,80.03,gangguan
51.4,10.69,53.58,80.0,gangguan
55.01,9.71,50.17,80.03,normal
66.88,1.0,48.12,80.03,gangguan
434.11,12.02,51.41,80.0,gangguan
9.2,59.42,16.3,80.19,normal
22.12,7.29,13.1,87.24,normal
1.69,9.18,0.05,99.99,normal
44.52,96.03,28.79,80.31,gangguan
29.07,158.63,36.33,80.0,gangguan
419.41,119.62,52.11,80.31,normal
4.7,121.76,43.1,80.03,gangguan
731.34,52.13,100.0,95.81,gangguan
73.7,50.93,100.0,95.81,gangguan
575.06,1.0,100.0,98.37,gangguan
188.7,26.52,22.91,80.01,normal
222.33,23.5,27.74,80.43,normal
500.19,101.69,47.65,81.83,gangguan
28.7,16.24,32.57,80.03,gangguan
24.97,178.92,23.26,80.0,gangguan
178.5,29.7,41.26,80.5,normal
176.06,29.11,54.05,80.05,gangguan
72.27,17.45,21.67,92.09,normal
258.99,6.0,2.39,80.33,normal
754.04,49.27,100.0,91.26,gangguan
8.43,51.36,100.0,91.25,gangguan
166.15,33.91,50.4,80.5,gangguan
116.26,95.47,14.61,87.13,gangguan
161.7,30.13,31.91,80.5,normal
77.09,62.67,100.0,90.44,gangguan
206.26,20.88,39.35,80.04,normal
113.65,48.68,40.17,80.68,normal
80.95,61.2,100.0,89.53,gangguan
98.97,4.82,100.0,87.22,gangguan
372.0,25.89,100.0,98.51,gangguan
202.07,21.49,25.93,80.34,normal
93.72,1.0,100.0,87.23,gangguan
534.08,71.26,100.0,92.42,gangguan
52.45,71.77,100.0,92.42,gangguan
216.79,43.01,6.97,82.73,normal
93.1,19.42,4.0,86.19,normal
129.27,24.17,5.19,80.04,normal
278.17,113.22,100.0,99.98,gangguan
107.17,11.14,15.06,80.5,normal
516.61,44.35,100.0,89.9,gangguan
151.48,26.27,42.06,80.03,normal
495.55,44.52,100.0,89.88,gangguan
19.1,44.83,2.44,80.26,normal
42.41,82.02,19.66,80.12,normal
105.15,1.0,13.58,80.45,gangguan
42.18,51.45,12.57,81.13,normal
393.84,92.31,23.53,80.11,gangguan
298.03,106.97,20.35,80.01,normal
41.85,10.55,2.22,80.0,normal
99.64,24.3,16.56,84.29,normal
247.72,27.99,100.0,96.86,gangguan
205.74,152.6,0.0,99.96,gangguan
52.76,42.79,10.39,80.08,normal
122.09,30.0,22.58,80.33,gangguan
139.06,28.34,44.19,80.0,normal
358.87,60.16,7.28,90.89,normal
8.75,1.01,26.15,80.5,gangguan
74.54,48.08,23.91,80.05,normal
595.04,76.54,21.13,80.65,normal
84.49,12.97,1.92,80.46,normal
52.34,1.0,7.07,80.01,normal
97.36,23.57,0.7,80.39,normal
11.64,5.34,25.37,80.35,normal
62.99,46.85,6.54,80.06,normal
134.88,3.2,3.92,82.72,normal
328.77,95.93,100.0,90.76,gangguan
209.46,27.99,100.0,81.69,gangguan
559.31,43.04,9.09,80.06,normal
267.15,167.58,100.0,92.88,gangguan
189.43,17.51,100.0,97.85,gangguan
253.66,18.49,100.0,92.88,gangguan
43.35,106.38,100.0,87.57,gangguan
99.15,35.13,20.51,80.03,gangguan
60.52,62.62,100.0,85.29,gangguan
7.66,55.81,32.39,80.05,gangguan
112.95,79.82,100.0,82.79,gangguan
59.56,65.47,100.0,85.3,gangguan
106.31,10.03,100.0,80.03,gangguan
9.82,16.57,20.22,80.35,normal
92.16,41.25,100.0,80.34,gangguan
10.29,41.66,100.0,80.33,gangguan
72.5,5.05,11.9,80.0,normal
70.71,59.19,20.0,80.0,normal
581.27,67.31,17.46,80.01,normal
214.59,18.69,100.0,93.68,gangguan
179.56,45.67,3.09,81.59,normal
85.52,24.05,9.24,80.0,normal
506.13,59.75,1.3,80.55,normal
133.03,59.25,3.81,82.06,normal
661.77,23.76,2.74,84.05,normal
195.67,19.89,100.0,93.68,gangguan
37.51,11.37,100.0,80.7,gangguan
21.8,2.34,9.33,80.01,normal
52.25,82.83,8.0,80.05,gangguan
202.37,155.59,100.0,81.22,gangguan
489.51,1.0,13.73,80.5,normal
350.27,106.44,100.0,80.7,gangguan
12.02,13.86,16.31,82.21,normal
124.34,18.67,8.7,80.02,normal
121.87,258.56,100.0,99.91,gangguan
76.1,51.5,100.0,83.16,gangguan
19.09,48.71,2.24,81.3,normal
565.41,1.0,54.39,80.04,normal
345.37,91.6,1.64,80.07,normal
121.71,17.9,6.52,80.19,normal
552.72,75.72,78.26,80.04,gangguan
717.22,1.0,100.0,80.32,gangguan
203.11,10.31,1.01,81.12,normal
448.92,95.87,13.64,80.05,gangguan
48.5,6.47,1.41,80.47,normal
685.26,43.84,26.98,80.33,gangguan
399.57,54.0,8.05,80.56,normal
434.55,68.17,14.29,80.51,normal
764.53,41.78,100.0,82.9,gangguan
45.17,95.77,18.18,80.05,gangguan
34.82,105.03,11.54,80.65,normal
119.65,133.86,19.3,81.84,gangguan
199.18,18.13,1.89,81.09,normal
522.24,59.78,6.9,80.0,normal
292.92,1.0,6.17,80.07,normal
591.65,64.81,6.38,80.0,normal
182.4,25.62,100.0,81.17,gangguan
38.76,11.39,20.0,80.0,normal
95.1,24.76,0.0,80.22,normal
22.13,17.61,16.0,80.1,normal
492.72,62.27,10.34,80.0,normal
363.71,105.83,100.0,80.58,gangguan
340.9,84.85,24.59,80.06,normal
151.68,15.54,6.33,80.14,normal
2.17,56.56,100.0,97.93,gangguan
42.71,105.57,20.0,80.05,normal
224.21,81.18,2.08,80.93,normal
37.01,103.6,100.0,85.79,gangguan
633.75,39.36,12.68,80.33,normal
107.08,1.66,4.92,99.54,normal
358.98,100.03,8.33,80.57,normal
159.02,243.61,9.09,80.0,gangguan
119.37,15.47,14.58,80.17,normal
73.61,64.92,16.67,80.03,normal
452.27,90.73,21.95,80.0,gangguan
75.27,65.0,14.29,80.03,gangguan
60.29,22.05,1.54,80.0,normal
107.64,37.69,9.52,80.02,normal
48.27,71.91,4.17,80.0,normal
160.01,21.57,18.37,80.12,normal
173.2,23.13,100.0,91.13,gangguan
50.56,58.21,50.0,80.04,gangguan
145.12,25.0,13.04,80.01,normal
137.85,1.0,12.2,80.14,normal
202.21,1.82,12.77,80.09,normal
39.63,48.75,4.76,80.49,normal
603.91,50.62,3.85,80.0,gangguan
135.18,28.61,100.0,93.89,gangguan
347.68,113.19,5.0,80.54,normal
5.34,92.73,2.56,80.43,normal
12.38,16.82,100.0,96.3,gangguan
13.9,15.05,100.0,81.43,gangguan
135.62,25.3,36.17,80.14,normal
86.11,42.84,6.98,80.0,normal
60.06,45.31,6.9,80.0,normal
34.08,54.64,100.0,80.55,gangguan
330.84,52.2,100.0,80.55,gangguan
8.9,125.37,11.84,80.23,gangguan
102.48,54.92,100.0,97.93,gangguan
174.11,19.19,8.33,80.1,normal
610.54,42.13,3.33,80.3,normal
419.69,6.17,13.04,80.43,normal
274.49,11.96,40.0,80.07,normal
132.67,1.0,24.59,80.14,normal
366.98,96.14,6.98,80.0,normal
194.56,9.96,10.59,80.92,normal
558.31,52.09,50.0,80.03,normal
5.67,80.45,0.0,80.0,normal
99.7,48.39,100.0,97.97,gangguan
93.26,62.1,100.0,81.91,gangguan
325.36,84.45,37.04,80.05,normal
2.67,24.09,31.58,80.01,normal
94.36,1.0,1.96,80.02,normal
18.7,1.0,21.95,80.01,normal
99.27,43.12,2.86,80.02,normal
30.58,103.8,40.43,80.06,gangguan
539.33,6.3,56.0,80.03,normal
317.74,29.79,3.9,80.54,normal
573.76,63.45,0.0,80.3,normal
74.75,42.99,13.04,80.0,normal
11.39,38.21,8.11,80.02,normal
38.64,71.81,9.43,80.45,normal
221.7,146.68,45.45,80.08,gangguan
294.31,110.58,45.45,80.06,gangguan
14.49,127.08,4.88,81.25,gangguan
106.81,29.27,2.13,80.02,normal
54.66,55.45,20.83,80.31,normal
31.29,95.06,6.12,80.0,normal
145.98,15.22,13.43,81.15,normal
189.02,5.23,0.0,88.87,normal
2.52,13.75,15.49,80.11,normal
55.79,45.13,8.77,80.3,normal
85.21,2.51,100.0,99.65,gangguan
39.57,26.25,5.04,84.28,normal
35.01,157.91,0.0,80.05,normal
276.26,62.96,13.92,80.01,normal
289.18,7.56,12.68,80.01,normal
217.33,1.0,46.34,80.07,normal
471.79,32.26,1.12,80.34,normal
30.16,77.14,15.25,80.05,normal
77.57,38.24,4.35,80.0,normal
515.23,55.23,53.19,80.03,gangguan
150.71,21.38,16.28,80.11,normal
227.55,37.63,0.65,80.69,normal
47.19,8.65,8.11,80.0,normal
119.94,29.86,31.58,80.13,normal
56.05,52.1,21.74,82.82,normal
37.63,96.81,2.7,80.0,normal
88.14,41.24,8.11,80.0,normal
78.79,58.48,0.0,99.82,normal
52.37,79.51,12.5,80.0,gangguan
86.16,3.58,13.79,80.02,normal
108.96,26.15,14.89,80.01,normal
189.11,9.98,5.41,80.8,normal
79.95,2.59,100.0,99.13,gangguan
437.69,55.12,13.21,80.35,normal
495.24,57.42,60.0,80.03,gangguan
301.69,12.65,5.56,80.5,normal
169.22,1.0,13.21,80.01,normal
464.77,9.47,6.25,80.0,normal
26.87,10.8,2.04,80.58,normal
229.96,124.19,4.55,80.01,normal
83.01,35.36,4.55,80.0,normal
66.39,44.0,9.09,80.0,normal
281.84,10.16,0.0,80.01,normal
287.92,33.66,3.08,85.17,normal
36.42,9.3,4.76,80.0,normal
49.21,72.1,22.22,80.0,normal
79.49,20.25,2.5,81.87,normal
304.91,67.38,16.67,80.05,normal
145.63,46.67,100.0,81.01,gangguan
374.28,80.32,2.44,80.0,normal
345.59,71.01,8.0,80.04,normal
45.81,46.46,11.86,80.32,normal
27.56,13.3,8.11,80.0,normal
403.99,71.32,57.14,80.04,gangguan
143.35,22.46,2.56,80.1,normal
209.22,164.99,14.29,80.0,gangguan
62.77,43.71,2.22,80.0,normal
443.5,8.7,8.57,80.03,normal
374.14,63.54,12.0,80.04,normal
111.74,22.89,8.33,80.13,normal
256.57,39.64,6.9,80.55,normal
213.69,1.0,9.09,80.0,normal
116.54,69.57,4.17,92.03,normal
436.9,57.44,14.89,80.0,normal
18.68,14.57,4.17,80.0,normal
556.1,76.2,14.29,80.0,normal
236.18,14.61,0.0,80.58,normal
146.83,24.24,17.65,80.0,gangguan
123.99,32.29,100.0,91.13,gangguan
24.58,113.46,6.98,80.06,normal
112.99,19.76,18.52,80.12,normal
10.53,40.83,13.33,80.0,normal
125.65,175.98,17.65,80.11,gangguan
147.49,21.52,2.7,80.91,normal
396.01,56.8,12.0,80.03,normal
86.03,14.35,16.67,95.56,normal
268.16,84.97,18.37,80.05,normal
150.15,1.0,9.68,80.0,normal
223.87,102.67,8.33,80.59,gangguan
260.25,1.0,7.32,80.5,normal
126.56,17.52,11.54,81.03,normal
140.06,19.1,11.63,80.01,normal
275.23,102.25,2.56,80.0,normal
364.06,79.33,0.0,80.0,normal
392.9,10.84,100.0,80.03,gangguan
80.97,49.23,100.0,80.16,gangguan
218.21,15.07,8.57,80.0,normal
95.93,15.99,16.22,81.34,normal
68.09,23.42,0.0,81.9,normal
16.52,1.0,13.51,80.0,normal
24.21,95.87,4.17,80.55,normal
25.28,1.0,100.0,80.52,gangguan
80.55,29.17,6.38,80.02,normal
156.45,17.92,5.0,80.0,normal
30.9,101.92,14.29,80.0,gangguan
112.4,28.84,17.65,80.0,normal
106.98,27.09,5.26,80.01,normal
97.76,1.0,100.0,92.95,gangguan
250.02,11.48,15.0,80.5,normal
100.54,255.75,2.44,80.0,gangguan
89.05,7.61,100.0,94.12,gangguan
80.38,48.24,100.0,80.16,gangguan
7.2,51.26,100.0,99.99,gangguan
12.78,1.0,21.95,80.1,normal
69.75,30.19,100.0,97.91,gangguan
6.7,44.99,17.07,80.0,gangguan
175.78,17.32,11.11,80.0,normal
893.14,32.96,5.56,81.37,normal
62.43,1.05,100.0,99.93,gangguan
217.62,121.75,7.69,80.56,normal
135.68,1.0,7.32,80.09,normal
200.24,5.61,2.75,80.06,normal
21.54,1.0,8.11,80.0,normal
296.28,91.58,5.26,80.0,normal
36.96,46.85,4.92,80.34,normal
274.97,129.93,10.34,80.0,gangguan
176.08,15.86,2.56,80.69,normal
6.97,34.75,4.0,80.0,normal
146.05,1.0,11.11,80.0,normal
543.9,43.27,13.64,80.22,normal
282.74,103.94,2.86,80.0,normal
10.53,1.0,12.2,80.0,normal
40.43,66.58,7.69,80.03,gangguan
222.11,15.79,16.13,80.0,normal
24.97,108.6,7.69,80.5,normal
23.99,12.51,10.53,80.0,normal
785.18,35.68,18.92,80.0,normal
19.75,16.82,11.76,80.0,normal
108.71,35.86,100.0,91.12,gangguan
11.26,28.18,22.22,80.0,normal
203.69,118.21,0.0,80.59,normal
118.34,3.24,5.26,80.1,normal
129.81,1.0,9.09,80.09,normal
205.86,149.28,3.03,80.58,normal
61.42,52.61,100.0,99.7,gangguan
22.43,116.84,0.0,80.55,normal
168.79,1.67,8.05,80.07,normal
205.81,1.0,2.44,80.58,normal
351.29,68.09,0.0,80.34,normal
210.09,122.04,2.56,80.56,normal
161.41,17.65,2.7,80.0,normal
152.0,20.28,17.65,80.0,normal
211.94,123.9,5.26,80.56,normal
303.85,10.59,17.65,80.0,normal
281.26,10.0,2.56,80.42,normal
266.45,11.94,17.65,80.0,normal
348.96,115.78,4.0,80.0,normal
319.41,92.22,17.65,80.0,normal
543.4,1.0,15.15,80.0,normal
349.76,89.45,0.0,80.0,normal
26.56,1.0,15.15,80.0,normal
4.98,1.0,15.15,80.0,normal
44.4,1.0,15.15,80.0,normal
444.75,68.23,15.15,80.0,normal
319.3,1.0,15.15,80.0,normal
6.86,54.18,100.0,99.97,gangguan
1.46,1.0,15.15,80.0,normal
373.79,80.96,15.15,80.0,gangguan
43.23,58.74,5.0,80.03,normal
63.51,20.99,6.49,81.86,normal
424.24,1.0,8.33,82.73,normal
235.33,1.0,16.67,80.0,normal
149.31,26.35,100.0,80.08,gangguan
344.94,1.0,100.0,80.0,gangguan
228.88,13.48,17.65,80.01,gangguan
604.41,1.0,15.15,80.19,normal
58.91,6.39,100.0,99.76,gangguan
67.97,41.83,2.86,80.02,normal
62.43,53.13,6.67,80.0,normal
120.48,22.58,2.7,80.0,normal
228.28,1.0,2.44,80.5,normal
85.05,29.89,17.95,80.0,normal
262.29,131.43,14.29,80.43,gangguan
87.98,14.52,100.0,92.95,gangguan
24.79,129.5,3.23,80.0,normal
225.83,15.06,0.0,80.5,normal
103.82,144.65,11.11,81.09,gangguan
184.23,15.25,22.22,80.0,normal
120.96,25.49,6.25,80.0,normal
163.69,2.51,0.0,80.0,normal
31.93,87.26,20.0,80.0,gangguan
74.11,35.39,2.7,80.0,normal
80.54,1.0,100.0,93.94,gangguan
26.11,106.76,20.0,80.0,gangguan
134.92,20.8,20.0,80.0,normal
800.8,38.56,9.68,80.0,normal
29.34,10.35,14.29,80.0,normal
57.7,5.81,0.0,80.0,normal
277.79,96.54,14.29,80.0,normal
566.45,41.69,0.0,80.0,normal
153.46,1.0,21.21,80.0,normal
22.75,1.0,21.21,80.0,normal
228.05,1.0,21.21,80.0,normal
225.58,1.0,21.21,80.0,normal
4.84,55.13,18.18,82.86,normal
270.93,104.39,21.21,80.0,gangguan
308.13,91.86,21.21,80.0,normal
289.57,1.0,21.21,80.0,normal
272.62,1.0,21.21,80.0,normal
200.54,1.0,21.21,80.0,normal
283.53,1.0,21.21,80.0,normal
23.33,1.0,21.21,80.0,normal
273.14,1.0,21.21,80.0,normal
300.1,1.0,21.21,80.0,normal
290.2,97.43,21.21,80.0,gangguan
281.05,1.0,21.21,80.0,normal
27.15,1.0,21.21,80.0,normal
27.6,1.0,21.21,80.0,normal
298.92,1.0,21.21,80.0,normal
273.71,1.0,21.21,80.0,normal
241.85,1.0,21.21,80.0,normal
257.16,1.0,21.21,80.0,normal
29.58,1.0,21.21,80.0,normal
18.37,161.37,21.21,80.0,gangguan
26.18,1.0,21.21,80.0,normal
20.75,142.03,21.21,80.0,normal
277.77,1.0,21.21,80.0,normal
260.5,1.0,21.21,80.0,normal
30.29,1.0,21.21,80.0,normal
276.63,1.0,21.21,80.0,normal
304.31,1.0,21.21,80.0,normal
22.38,135.31,18.75,80.0,gangguan
366.98,8.84,18.75,80.0,gangguan
648.01,60.76,8.33,80.0,normal
128.89,29.97,12.0,80.0,normal
327.0,9.79,18.75,80.0,normal
315.93,1.0,18.75,80.0,normal
385.31,75.57,18.75,80.0,normal
338.0,86.03,18.75,80.0,normal
183.85,2.57,18.75,80.0,normal
43.67,7.71,18.75,80.0,normal
43.32,68.68,18.75,80.0,normal
39.64,75.08,18.75,80.0,gangguan
40.46,73.53,18.75,80.0,gangguan
389.26,74.71,18.75,80.0,normal
394.39,73.73,18.75,80.0,gangguan
306.67,94.6,18.75,80.0,normal
5.57,63.65,18.75,80.0,normal
42.84,7.84,18.75,80.0,normal
40.32,8.27,18.75,80.0,normal
46.24,64.18,18.75,80.0,normal
162.52,16.95,2.86,80.07,normal
381.19,7.21,26.32,82.82,normal
21.44,31.41,100.0,80.52,gangguan
433.74,69.84,0.0,80.0,normal
102.67,224.36,7.69,80.01,gangguan
53.51,78.93,18.18,80.02,normal
161.54,16.73,2.86,80.0,normal
75.06,20.31,11.48,80.14,normal
34.22,100.22,11.11,80.32,normal
180.02,126.42,2.56,80.58,normal
244.56,12.3,0.0,80.0,normal
100.64,23.53,28.21,81.05,normal
108.89,18.17,10.64,80.01,normal
276.88,1.93,5.88,80.38,normal
155.65,1.0,7.14,80.0,normal
204.07,14.51,0.0,80.0,normal
181.91,127.98,0.0,80.58,normal
181.15,1.0,2.44,80.58,normal
737.91,65.27,100.0,94.12,gangguan
146.6,224.8,18.52,80.0,gangguan
317.13,142.67,100.0,80.33,gangguan
168.28,17.81,9.68,80.0,normal
165.1,147.61,5.56,80.63,gangguan
27.53,60.78,14.81,80.39,normal
361.71,1.0,30.77,80.29,normal
231.44,70.99,5.66,80.45,normal
74.66,31.7,100.0,81.39,gangguan
113.61,22.22,5.56,80.09,normal
347.74,7.18,5.0,80.3,normal
30.77,13.11,0.0,80.0,normal
113.14,190.12,5.0,80.91,gangguan
10.28,20.35,6.38,81.09,normal
18.97,1.0,0.0,80.56,normal
644.6,1.0,11.11,80.0,normal
89.32,34.27,17.24,80.11,normal
281.31,134.35,4.35,80.0,normal
532.68,33.76,8.33,80.19,normal
304.57,65.17,2.33,80.0,normal
11.76,1.0,11.11,80.01,normal
339.91,1.0,8.11,80.29,normal
31.45,70.93,7.69,80.33,normal
159.84,134.92,12.82,80.06,gangguan
543.89,28.99,0.0,81.82,normal
91.41,122.88,8.11,81.09,gangguan
169.31,107.0,0.0,80.06,normal
91.16,1.0,14.29,81.09,normal
197.05,100.82,4.76,80.5,gangguan
330.34,102.38,20.0,80.3,normal
71.27,55.16,18.18,80.0,normal
310.7,30.99,1.15,83.16,normal
26.31,99.6,9.09,80.0,normal
454.87,51.23,16.67,82.16,normal
9.96,1.0,12.5,81.09,normal
582.4,55.7,7.69,80.0,normal
195.82,1.0,3.03,80.5,normal
46.65,47.87,5.26,82.13,normal
277.95,13.41,16.67,80.0,normal
194.73,132.51,6.25,80.5,gangguan
194.2,12.04,0.0,80.5,normal
830.26,33.76,0.0,80.0,normal
353.71,10.29,12.0,80.0,normal
282.23,13.69,21.74,80.0,normal
192.91,12.67,5.56,80.5,normal
103.48,22.85,16.67,80.09,normal
148.93,19.9,3.45,80.0,normal
87.99,139.16,9.09,81.1,gangguan
339.79,64.89,18.92,82.82,normal
66.85,7.8,100.0,94.45,gangguan
128.84,1.0,15.38,80.0,normal
131.93,33.79,15.79,80.0,normal
282.49,153.46,15.79,80.0,normal
164.58,16.23,6.25,80.58,normal
30.01,96.04,3.45,80.33,normal
95.74,34.93,12.0,80.0,normal
319.89,64.44,2.56,80.3,normal
317.49,67.97,8.11,80.3,normal
187.65,13.02,2.86,80.5,normal
94.58,31.15,14.29,80.1,normal
187.43,98.25,2.33,80.5,normal
758.78,1.0,15.38,80.0,normal
134.94,26.76,13.04,80.0,normal
145.56,20.44,14.29,80.0,normal
643.12,4.11,7.69,81.45,normal
277.09,75.13,5.26,80.34,normal
170.45,131.96,2.86,80.05,normal
140.74,32.59,22.22,80.0,normal
301.95,8.55,5.88,80.0,normal
190.34,234.01,22.22,80.0,gangguan
27.81,1.0,22.22,80.0,normal
23.79,11.89,16.13,80.04,normal
95.11,1.0,15.38,80.0,normal
19.19,1.0,3.03,80.5,normal
132.28,34.25,22.22,80.0,normal
145.17,31.27,22.22,80.0,normal
511.56,1.0,12.2,80.18,normal
64.51,1.0,9.09,80.0,normal
60.4,36.57,11.11,80.0,normal
856.49,1.0,17.65,81.06,normal
87.97,3.91,0.0,80.01,normal
20.18,19.17,18.18,80.0,normal
180.06,152.24,7.14,80.5,normal
17.13,130.48,0.0,80.56,normal
127.63,18.42,5.88,80.0,normal
230.43,91.52,11.11,80.39,normal
68.4,30.15,10.53,80.13,normal
178.79,15.57,10.34,80.05,normal
13.85,16.26,5.26,80.69,normal
114.26,194.76,5.88,80.0,gangguan
178.06,16.7,3.7,80.5,normal
311.7,67.41,22.22,82.85,normal
154.84,17.18,13.33,80.58,normal
38.29,67.67,13.33,80.0,normal
497.46,41.25,13.51,80.18,normal
228.81,19.57,22.22,80.0,normal
176.63,11.75,7.69,80.5,normal
2.75,111.39,10.53,80.5,gangguan
259.25,15.55,10.0,80.0,normal
119.86,27.11,16.67,80.0,gangguan
311.42,70.67,23.53,82.82,normal
196.96,11.11,8.11,80.45,normal
175.48,18.03,4.0,80.5,normal
175.54,16.71,3.7,80.5,normal
150.82,19.28,3.7,80.58,normal
175.3,12.34,2.7,80.5,normal
246.0,104.62,3.45,80.36,normal
18.4,12.34,8.11,80.5,normal
175.02,114.45,8.11,80.5,gangguan
174.86,114.45,8.11,80.5,gangguan
18.31,12.69,5.56,80.5,normal
174.31,1.0,16.67,80.5,normal
282.09,148.8,22.22,80.0,gangguan
67.52,7.25,22.22,80.0,normal
76.99,17.3,3.45,81.14,normal
278.03,15.99,22.22,80.0,normal
165.8,165.78,3.7,80.05,gangguan
173.49,1.0,0.0,80.5,normal
678.64,31.55,14.29,80.01,normal
8.54,36.81,18.52,80.11,normal
188.95,17.23,8.33,80.0,normal
108.67,16.89,4.76,80.8,normal
172.57,124.77,11.76,80.5,gangguan
158.58,8.28,12.9,85.45,normal
285.37,11.68,8.33,80.3,normal
852.94,75.47,100.0,81.01,gangguan
163.85,143.81,3.23,80.0,gangguan
18.06,13.35,0.0,80.5,normal
102.05,18.56,5.0,80.84,normal
166.92,15.35,13.33,80.01,normal
185.82,107.69,11.11,80.05,normal
11.28,20.73,14.29,80.08,normal
42.55,6.93,17.24,80.0,normal
76.02,1.0,1.54,81.12,normal
103.25,1.0,17.65,80.08,normal
286.33,83.71,13.33,80.0,gangguan
155.43,1.0,12.28,85.42,normal
60.17,58.62,33.33,80.0,normal
430.96,1.0,15.15,80.02,normal
145.27,17.81,10.34,80.58,gangguan
208.2,1.0,7.14,80.4,normal
10.14,40.06,30.0,80.0,normal
273.21,104.6,4.0,80.31,normal
97.39,21.63,8.57,80.86,normal
144.84,18.41,7.14,80.06,normal
32.99,92.76,8.33,80.0,normal
101.94,22.58,18.75,80.08,normal
8.57,45.47,4.76,80.01,normal
28.36,107.83,8.33,80.3,normal
19.48,96.59,7.69,80.45,normal
129.91,18.35,9.68,80.0,normal
72.98,32.02,16.13,80.11,normal
107.25,38.07,100.0,80.08,gangguan
27.8,114.27,13.04,80.31,normal
100.78,24.06,13.33,80.08,normal
225.78,59.04,0.0,80.04,normal
278.98,71.15,25.71,82.93,normal
638.16,4.59,13.33,80.01,normal
97.38,32.22,13.04,80.0,normal
43.92,5.67,5.88,80.02,normal
27.65,1.0,23.81,80.3,normal
178.51,16.48,4.0,80.46,normal
1.7,5.45,100.0,91.52,gangguan
70.21,3.57,10.53,80.12,normal
95.3,1.0,15.38,80.0,normal
287.87,59.7,15.0,82.81,normal
161.36,2.41,13.33,80.5,normal
95.98,21.28,8.57,80.85,normal
73.69,146.23,7.94,81.11,gangguan
411.35,1.0,0.0,80.02,normal
547.16,14.72,100.0,81.46,gangguan
74.24,212.84,11.63,81.09,gangguan
7.96,284.25,5.88,80.0,gangguan
41.18,7.6,100.0,99.85,gangguan
65.81,49.19,100.0,92.3,gangguan
469.45,11.25,100.0,96.98,gangguan
43.11,46.25,2.86,80.19,normal
186.5,146.25,4.0,80.43,normal
806.49,223.99,13.51,80.01,gangguan
230.0,11.82,18.52,80.35,normal
62.79,41.04,18.52,80.13,normal
178.08,10.82,5.26,80.04,normal
618.8,41.0,18.52,80.13,normal
62.79,40.98,18.52,80.13,normal
690.4,1.0,18.52,80.11,normal
157.73,1.0,7.69,80.05,normal
27.05,75.46,5.88,80.03,normal
196.64,126.82,11.11,80.4,normal
7.14,1.0,15.38,80.01,normal
250.39,117.43,4.35,80.03,normal
718.14,23.81,10.0,81.09,normal
273.21,81.82,13.33,80.0,normal
15.64,1.0,14.29,80.01,normal
264.99,74.06,5.88,80.3,normal
198.41,12.12,13.33,80.0,normal
27.76,8.21,17.65,82.92,normal
25.67,79.12,5.88,80.32,normal
152.24,162.47,11.11,80.01,gangguan
173.01,15.19,11.11,80.45,normal
70.68,18.82,3.85,81.12,normal
258.25,10.11,0.0,80.3,normal
65.96,38.39,11.11,80.0,normal
188.49,9.86,2.56,80.41,normal
92.43,1.0,14.29,80.0,normal
71.75,241.46,10.53,80.01,gangguan
707.94,241.47,10.53,81.09,gangguan
79.86,26.71,6.25,80.1,normal
5.04,239.6,6.06,81.9,gangguan
478.97,49.59,14.29,80.0,normal
154.28,18.79,0.0,80.5,normal
247.46,107.0,4.0,80.31,normal
230.75,81.24,2.86,80.33,normal
260.61,8.31,0.0,80.3,normal
110.95,184.29,0.0,80.01,normal
170.18,17.05,0.0,80.45,normal
172.51,18.84,100.0,84.47,gangguan
407.48,1.0,3.23,80.0,normal
259.84,71.9,2.86,80.3,normal
227.48,86.95,3.03,80.34,normal
529.7,197.27,1.64,81.45,gangguan
258.26,74.07,5.88,80.3,normal
688.46,26.75,5.56,81.11,normal
196.49,11.56,9.68,80.39,normal
49.7,12.55,100.0,95.59,gangguan
26.66,74.04,5.88,80.3,normal
74.66,40.97,18.18,80.0,normal
581.55,43.58,15.38,80.0,normal
16.62,18.99,13.04,80.0,normal
26.59,71.98,2.86,80.03,normal
253.96,82.37,3.23,80.3,normal
256.85,74.1,5.88,80.03,normal
26.6,74.07,5.88,80.3,normal
72.48,4.92,13.04,80.0,normal
24.55,75.78,16.67,80.32,normal
5.03,50.26,6.25,80.19,normal
326.03,49.55,10.0,80.23,normal
255.88,74.06,5.88,80.0,normal
325.83,48.27,17.07,80.23,normal
255.47,1.0,9.09,80.3,normal
108.14,19.44,0.0,80.01,normal
3.04,12.09,100.0,80.37,gangguan
26.39,74.05,0.0,80.3,normal
69.51,21.77,0.0,81.1,normal
403.27,34.73,0.0,80.19,normal
26.32,76.35,9.09,80.3,normal
110.34,25.25,8.33,80.0,normal
47.6,7.23,18.18,80.0,normal
36.21,9.25,18.18,80.0,gangguan
253.71,78.77,6.25,80.3,normal
59.49,58.82,26.32,80.01,gangguan
26.21,78.78,6.25,80.3,normal
40.46,56.0,10.34,80.19,normal
252.76,76.33,9.09,80.3,gangguan
347.75,1.0,14.29,80.0,normal
104.35,18.19,8.57,80.72,normal
90.92,24.92,10.34,80.08,normal
161.78,2.63,8.33,80.46,normal
250.63,78.79,6.25,80.3,normal
99.39,27.56,8.33,80.0,normal
704.25,39.84,47.83,80.1,gangguan
100.63,28.36,13.04,80.0,normal
7.72,20.4,2.13,81.1,normal
400.11,45.06,8.57,80.18,normal
58.35,29.17,10.53,80.13,normal
264.97,1.0,3.03,80.28,normal
548.98,28.91,5.0,80.13,normal
146.93,16.71,11.11,80.5,normal
63.47,33.76,6.67,81.17,normal
628.52,33.61,6.67,81.16,normal
146.11,1.0,7.69,80.5,normal
32.26,91.28,18.18,80.0,gangguan
41.1,42.02,13.51,80.18,normal
38.29,9.3,100.0,81.95,gangguan
55.29,29.64,2.56,81.34,normal
157.23,1.0,6.67,80.46,normal
72.93,4.73,13.04,80.0,normal
69.62,30.45,6.67,81.05,normal
214.45,95.31,0.0,80.34,normal
161.17,99.44,5.26,80.45,normal
404.02,42.35,11.11,80.18,normal
20.24,113.04,0.0,80.37,gangguan
84.55,1.0,0.0,80.0,normal
225.59,84.44,12.5,80.32,normal
241.73,74.07,5.88,80.3,normal
85.36,21.84,5.88,80.84,normal
66.47,25.58,8.11,81.09,normal
65.88,1.0,7.32,81.09,normal
142.26,1.0,9.09,80.5,normal
646.25,41.5,4.35,81.09,normal
104.55,22.32,55.56,80.01,gangguan
8.74,29.54,55.56,80.09,gangguan
122.25,183.09,55.56,80.06,gangguan
118.1,1.0,55.56,80.06,normal
111.38,20.98,55.56,80.06,gangguan
119.47,19.6,55.56,80.06,normal
13.95,171.16,55.56,80.05,gangguan
78.05,29.6,55.56,80.09,gangguan
131.66,169.64,55.56,80.05,gangguan
78.22,29.53,55.56,80.09,gangguan
118.6,188.37,55.56,80.06,gangguan
373.0,50.62,6.25,80.19,normal
65.25,1.0,2.44,80.11,normal
65.97,266.27,5.88,81.07,gangguan
14.2,120.59,2.7,80.53,normal
24.89,80.29,16.13,82.92,gangguan
546.72,1.0,12.0,80.13,normal
1.17,1.0,10.34,80.0,normal
93.02,1.0,53.85,80.08,gangguan
247.04,1.0,22.58,82.82,normal
614.37,289.0,27.27,81.13,gangguan
123.94,18.62,3.7,80.56,normal
156.97,1.0,18.52,80.44,normal
10.24,24.29,11.11,80.01,normal
39.62,49.31,9.68,80.18,normal
60.99,43.28,13.04,80.11,normal
167.12,1.0,0.0,80.0,normal
37.8,27.04,1.69,81.85,normal
706.84,35.17,8.33,80.01,normal
92.49,26.24,4.0,80.01,normal
125.58,1.0,9.09,80.01,normal
83.44,23.36,9.68,80.08,normal
92.04,27.33,0.0,80.01,normal
443.62,50.35,100.0,95.26,gangguan
9.24,22.52,12.5,80.08,normal
135.75,1.0,7.69,80.5,normal
169.99,1.0,10.34,80.4,normal
135.72,1.0,7.69,80.5,normal
48.79,28.11,6.98,81.4,normal
276.51,1.0,14.29,80.0,normal
429.7,7.65,10.0,80.0,normal
48.5,28.77,4.76,81.4,normal
433.28,1.0,10.0,80.0,normal
631.23,41.69,54.55,80.1,gangguan
55.43,28.41,13.51,80.0,normal
81.28,24.87,17.24,80.08,normal
81.06,24.91,17.24,80.08,normal
211.37,92.0,10.34,80.31,normal
627.36,41.7,54.55,80.1,normal
58.64,33.91,10.34,80.0,normal
60.68,3.07,4.55,81.09,normal
342.32,15.66,100.0,99.07,gangguan
39.21,13.59,100.0,96.99,gangguan
13.96,1.0,7.69,80.5,normal
22.77,122.25,4.76,80.3,normal
14.83,128.03,3.23,80.05,gangguan
882.81,23.13,14.29,80.0,normal
10.23,23.84,0.0,80.7,normal
662.12,14.24,8.2,80.1,normal
57.11,36.82,11.11,80.11,gangguan
494.98,44.35,12.0,80.13,normal
56.01,1.0,15.38,80.11,normal
55.49,39.84,12.0,80.11,normal
446.89,30.17,5.0,81.4,normal
21.54,124.21,4.76,80.3,gangguan
205.78,124.22,4.76,80.3,gangguan
205.76,1.0,4.76,80.3,normal
484.87,5.52,16.67,80.13,normal
276.56,12.33,100.0,82.24,gangguan
136.53,1.0,2.86,80.45,normal
225.79,160.22,6.67,80.27,gangguan
49.0,5.73,13.04,80.13,normal
11.99,15.58,25.0,85.55,normal
198.07,9.11,6.25,80.31,normal
556.56,23.85,5.0,81.09,normal
164.5,14.75,13.04,80.0,normal
65.86,37.3,9.09,80.01,gangguan
45.76,129.27,100.0,93.54,gangguan
6.63,26.01,5.56,81.07,normal
190.68,40.83,100.0,83.18,gangguan
318.13,9.58,5.26,80.0,normal
55.97,22.72,0.0,81.09,normal
316.26,26.05,100.0,99.06,gangguan
43.22,74.81,100.0,94.22,gangguan
330.91,26.85,3.45,81.81,normal
14.7,1.0,4.76,80.44,normal
554.18,1.0,9.09,80.11,normal
112.47,8.87,10.71,85.31,normal
151.11,104.3,6.25,80.39,gangguan
212.54,79.11,26.67,82.78,gangguan
208.87,83.12,24.14,82.82,gangguan
183.88,11.02,11.11,80.32,normal
128.75,1.0,4.76,80.46,normal
54.41,24.44,2.56,81.09,normal
179.14,9.61,6.25,80.33,normal
41.9,160.03,100.0,94.25,gangguan
533.89,24.44,2.56,81.09,normal
905.28,71.93,100.0,86.44,gangguan
232.88,82.66,15.38,80.25,normal
11.57,1.0,9.09,80.55,normal
205.35,75.46,31.25,82.83,gangguan
151.32,112.94,10.34,80.0,normal
135.89,125.73,10.34,80.0,normal
125.09,14.56,3.45,80.0,normal
174.57,97.9,3.45,80.0,normal
27.03,101.45,15.79,80.0,gangguan
35.08,77.74,15.79,80.0,normal
347.88,76.37,15.79,80.0,normal
109.36,242.15,15.79,80.0,gangguan
356.49,74.47,15.79,80.0,gangguan
313.33,80.19,0.0,80.02,normal
129.99,122.07,3.23,80.45,normal
128.64,136.57,7.14,80.0,gangguan
16.77,11.97,0.0,80.0,normal
180.69,93.42,31.03,80.32,gangguan
195.57,15.04,11.11,80.0,normal
148.5,62.71,15.38,83.86,normal
174.78,92.99,0.0,80.33,normal
182.19,107.56,12.0,80.31,normal
117.73,16.27,11.11,80.0,normal
123.01,147.04,3.7,80.0,gangguan
422.54,1.0,100.0,81.35,gangguan
202.77,89.08,3.7,80.0,normal
209.99,86.03,3.7,80.0,normal
21.29,1.0,12.0,80.28,normal
152.79,1.0,0.0,80.0,normal
20.93,83.13,24.14,82.82,normal
145.88,12.69,14.29,80.39,normal
192.29,10.2,33.33,80.29,normal
128.92,123.65,6.67,80.44,normal
2.41,7.96,6.38,80.0,normal
272.13,5.26,0.0,82.04,normal
123.67,16.32,4.0,80.0,normal
54.63,37.53,8.33,80.0,normal
15.21,13.19,11.11,80.39,normal
122.28,1.0,4.0,80.45,normal
176.07,2.51,11.11,80.0,normal
576.05,28.8,3.45,80.96,normal
122.9,136.68,7.14,80.45,gangguan
18.39,103.68,7.69,80.32,normal
353.82,13.75,100.0,95.5,gangguan
19.5,89.79,7.14,80.29,normal
573.93,1.0,9.09,80.95,normal
113.76,17.41,8.33,80.0,normal
541.99,9.32,100.0,80.96,gangguan
549.67,104.33,14.67,80.09,normal
37.13,16.48,100.0,94.25,gangguan
140.5,84.52,2.7,80.37,normal
132.98,13.22,11.11,80.0,normal
358.32,3.55,100.0,94.38,gangguan
162.53,1.04,100.0,83.18,gangguan
172.42,84.12,0.0,80.3,normal
363.02,20.65,100.0,93.99,gangguan
177.1,1.0,5.88,80.0,normal
225.61,31.16,100.0,80.0,gangguan
195.14,100.08,9.09,80.26,normal
363.4,33.66,8.57,80.14,normal
173.91,47.45,0.0,80.03,normal
51.49,160.08,0.0,80.01,gangguan
94.97,1.0,0.0,80.01,normal
51.16,161.13,0.0,80.01,normal
194.33,99.82,9.09,80.25,gangguan
194.12,99.78,9.09,80.25,normal
326.91,1.0,17.65,80.15,normal
193.07,1.0,14.29,80.25,normal
581.15,35.31,4.76,80.0,normal
192.28,104.71,14.29,80.25,normal
192.27,1.0,14.29,80.25,normal
504.16,90.55,100.0,89.67,gangguan
191.52,1.0,14.29,80.25,normal
2.9,1.0,14.29,80.26,normal
191.51,1.0,14.29,80.25,normal
58.48,38.98,5.26,80.0,normal
108.12,92.29,12.2,80.04,normal
359.62,32.96,2.86,81.33,normal
278.17,20.42,100.0,81.72,gangguan
114.26,113.57,9.68,80.41,gangguan
187.85,53.15,10.0,80.02,normal
189.36,1.0,7.69,80.0,normal
226.72,1.0,2.44,82.04,normal
348.36,37.0,3.23,81.33,normal
23.5,43.64,5.0,82.04,normal
71.54,77.07,100.0,86.44,gangguan
114.34,40.79,100.0,83.96,gangguan
420.12,1.0,7.69,80.01,normal
499.57,1.0,4.0,80.01,normal
11.34,17.53,18.18,80.43,normal
19.53,85.11,8.33,80.0,normal
315.47,20.32,100.0,93.99,gangguan
450.83,35.51,0.0,80.01,normal
91.26,17.46,12.0,80.48,normal
71.65,24.8,0.0,80.01,normal
118.57,11.33,6.67,80.37,normal
260.82,61.91,4.35,81.64,normal
439.99,33.88,12.0,80.1,normal
10.82,16.98,13.04,80.43,normal
478.19,1.0,12.0,80.89,normal
40.59,1.0,5.88,80.0,normal
495.14,29.98,12.0,80.09,normal
87.41,19.86,18.18,80.49,normal
183.09,134.61,6.67,80.0,gangguan
179.15,146.61,0.0,80.0,gangguan
126.66,11.29,3.7,80.03,normal
178.1,146.31,0.0,80.0,gangguan
7.0,27.53,18.18,80.68,normal
298.03,63.18,15.79,80.14,normal
141.19,17.88,6.67,80.0,normal
179.02,14.29,6.67,80.0,normal
180.15,11.18,15.79,80.02,gangguan
137.05,100.87,4.0,80.29,normal
142.94,104.98,13.04,80.28,gangguan
134.95,9.31,6.67,80.3,normal
76.68,1.0,0.0,80.52,normal
103.54,137.85,8.33,80.39,normal
96.93,15.63,8.33,80.41,normal
376.95,14.84,100.0,90.53,gangguan
209.8,15.05,0.0,80.0,normal
8.6,23.29,10.0,80.05,normal
109.3,17.49,15.79,80.36,normal
92.14,2.53,8.33,80.43,normal
754.9,23.4,10.0,80.52,normal
110.09,42.41,100.0,83.61,gangguan
213.32,1.0,17.65,80.02,normal
133.41,9.94,7.14,80.03,normal
75.92,19.54,0.0,80.52,normal
75.92,19.54,0.0,80.52,normal
93.3,151.46,8.33,80.42,gangguan
114.47,123.13,8.33,80.34,normal
14.21,90.38,7.14,80.3,normal
132.84,90.3,7.14,80.3,normal
245.83,118.97,0.0,80.0,normal
107.03,17.58,15.79,80.37,normal
226.94,192.56,100.0,81.72,gangguan
10.43,20.69,11.11,80.41,normal
101.04,144.11,4.35,80.39,gangguan
52.67,18.41,0.0,80.75,normal
131.51,10.28,3.7,80.3,normal
112.03,17.65,22.22,80.35,normal
3.94,1.0,100.0,80.0,gangguan
193.45,1.0,100.0,80.0,gangguan
251.71,42.71,100.0,80.0,gangguan
3.28,46.69,100.0,80.0,gangguan
16.46,68.46,100.0,80.0,gangguan
196.94,1.0,100.0,80.0,gangguan
128.07,15.47,22.22,80.3,normal
368.2,54.12,17.65,80.01,gangguan
210.1,22.61,100.0,81.83,gangguan
96.78,1.0,17.65,80.4,normal
53.36,105.28,100.0,87.29,gangguan
81.15,1.0,17.65,80.05,normal
42.56,6.73,14.29,80.0,normal
384.99,7.2,14.29,80.0,normal
39.92,53.96,25.0,80.1,normal
126.29,1.0,14.29,80.03,normal
234.84,1.01,5.88,96.13,normal
107.71,24.96,7.69,80.0,normal
275.66,17.96,100.0,93.53,gangguan
48.88,1.0,11.11,80.08,normal
178.67,98.54,0.0,80.0,normal
145.09,32.39,100.0,82.5,gangguan
18.73,26.54,100.0,99.43,gangguan
23.44,72.71,11.11,80.0,normal
234.09,6.58,9.09,80.14,normal
18.86,1.0,0.0,80.0,normal
447.04,1.0,100.0,87.29,gangguan
19.35,172.42,100.0,81.77,gangguan
111.04,1.0,30.77,82.91,normal
111.56,40.25,100.0,80.03,gangguan
128.18,35.12,100.0,80.0,gangguan
116.53,1.0,100.0,80.03,gangguan
87.77,51.01,100.0,80.04,gangguan
1.38,130.04,100.0,88.39,gangguan
212.57,22.43,100.0,81.47,gangguan
10.14,47.18,100.0,80.03,gangguan
108.92,40.09,100.0,80.03,gangguan
117.33,37.26,100.0,80.03,gangguan
124.78,35.08,100.0,80.03,gangguan
98.87,44.1,100.0,80.03,gangguan
29.57,1.0,100.0,90.81,gangguan
175.15,163.45,100.0,97.54,gangguan
188.58,168.79,100.0,96.27,gangguan
32.79,70.05,100.0,89.58,gangguan
11.78,11.0,33.33,82.82,gangguan
25.34,20.53,100.0,92.46,gangguan
47.06,3.55,100.0,86.56,gangguan
99.31,55.94,100.0,83.03,gangguan
233.21,218.97,100.0,92.84,gangguan
96.9,55.84,100.0,83.1,gangguan
278.0,17.39,100.0,81.07,gangguan
54.39,1.0,5.88,80.0,normal
155.95,44.75,5.56,80.19,normal
181.03,28.4,100.0,96.14,gangguan
146.38,22.66,100.0,80.2,gangguan
41.48,1.0,100.0,87.16,gangguan
244.32,65.51,12.5,80.0,normal
24.44,56.72,100.0,92.31,gangguan
263.45,56.62,5.88,80.0,normal
74.21,44.03,100.0,83.91,gangguan
218.92,1.0,0.0,80.0,normal
4.73,42.14,12.5,80.0,normal
246.27,1.0,12.5,80.0,normal
158.52,12.16,14.29,80.0,normal
329.53,39.53,5.26,80.85,normal
80.13,58.42,100.0,83.52,gangguan
195.38,38.66,100.0,94.33,gangguan
16.77,50.26,100.0,97.53,gangguan
85.13,30.76,100.0,80.33,gangguan
167.01,13.3,16.67,80.0,normal
224.56,213.98,100.0,92.29,gangguan
144.61,32.08,100.0,81.91,gangguan
95.79,1.0,100.0,80.03,gangguan
259.51,5.79,5.26,81.06,normal
323.45,31.01,100.0,88.47,gangguan
139.34,90.33,100.0,99.73,gangguan
21.47,42.27,100.0,93.17,gangguan
219.87,22.76,100.0,92.29,gangguan
110.95,1.0,100.0,80.02,gangguan
178.37,1.0,0.0,81.5,normal
187.99,49.19,100.0,94.19,gangguan
398.55,31.06,100.0,86.64,gangguan
205.35,66.53,5.88,80.13,gangguan
283.23,30.14,100.0,89.3,gangguan
169.3,1.0,0.0,81.55,normal
122.31,12.6,12.5,80.02,normal
29.03,57.98,14.29,80.0,normal
20.29,42.27,100.0,93.17,gangguan
14.1,17.78,100.0,99.15,gangguan
908.75,19.74,7.69,80.0,normal
835.54,63.71,100.0,83.0,gangguan
181.04,1.0,100.0,93.9,gangguan
446.53,26.35,36.84,80.56,normal
272.51,1.0,100.0,80.09,gangguan
24.47,24.12,100.0,81.05,gangguan
612.83,30.78,16.67,80.4,normal
13.19,75.19,100.0,80.2,gangguan
10.58,1.0,5.88,80.25,normal
57.35,57.05,100.0,84.26,gangguan
78.32,6.62,100.0,80.3,gangguan
112.23,115.57,0.0,80.21,normal
72.18,1.0,100.0,83.28,gangguan
2.22,75.29,100.0,80.19,gangguan
122.4,75.66,100.0,80.19,gangguan
399.98,23.68,100.0,80.58,gangguan
170.27,75.61,12.5,80.14,normal
21.29,23.49,100.0,81.13,gangguan
181.15,1.0,100.0,92.74,gangguan
70.85,45.58,100.0,83.28,gangguan
160.71,30.94,100.0,94.33,gangguan
5.96,17.34,100.0,84.61,gangguan
425.2,1.0,100.0,80.54,gangguan
132.3,24.95,100.0,81.73,gangguan
388.99,1.0,100.0,80.58,gangguan
18.77,26.7,100.0,92.62,gangguan
126.08,3.31,100.0,97.85,gangguan
117.15,79.21,100.0,80.19,gangguan
17.56,32.27,100.0,93.43,gangguan
45.11,1.0,0.0,80.5,normal
243.12,38.0,100.0,80.09,gangguan
160.4,87.12,0.0,80.0,normal
174.2,3.76,100.0,92.55,gangguan
131.96,25.16,100.0,96.6,gangguan
378.31,68.02,0.0,80.58,gangguan
67.06,1.0,7.69,80.0,normal
167.08,89.14,7.69,80.0,normal
365.42,41.17,7.69,80.0,normal
1.7,1.0,7.69,80.0,normal
281.43,1.0,100.0,87.66,gangguan
33.1,25.78,100.0,86.69,gangguan
88.34,37.23,100.0,82.45,gangguan
415.72,140.23,100.0,80.01,gangguan
117.69,14.47,0.0,80.0,normal
139.76,114.26,16.67,80.0,normal
372.66,43.28,0.0,80.0,normal
35.75,46.22,16.67,80.0,normal
209.07,148.25,100.0,90.12,gangguan
169.36,189.04,100.0,92.46,gangguan
92.61,10.81,0.0,82.29,normal
318.99,54.48,9.09,80.0,normal
7.33,90.01,100.0,80.0,gangguan
355.62,1.0,100.0,80.58,gangguan
148.69,60.92,0.0,80.01,normal
144.85,6.31,100.0,94.33,gangguan
165.03,30.23,100.0,92.56,gangguan
164.98,30.24,100.0,92.56,gangguan
108.4,10.07,100.0,80.19,gangguan
447.87,42.13,20.0,80.45,normal
164.0,30.44,100.0,92.29,gangguan
164.0,1.0,100.0,92.29,gangguan
35.23,24.82,100.0,80.58,gangguan
8.04,18.51,14.29,80.28,normal
27.2,27.55,100.0,87.49,gangguan
159.36,31.33,100.0,92.28,gangguan
205.98,37.69,100.0,89.46,gangguan
45.78,50.27,100.0,84.29,gangguan
188.38,32.58,100.0,81.01,gangguan
153.12,21.86,100.0,92.29,gangguan
207.81,5.32,0.0,80.09,normal
52.29,90.5,100.0,80.36,gangguan
236.3,135.91,100.0,87.78,gangguan
150.03,33.29,100.0,81.23,gangguan
15.9,3.13,100.0,81.23,gangguan
18.54,25.93,100.0,81.04,gangguan
877.79,141.71,7.69,80.0,normal
247.58,55.55,16.67,80.0,normal
389.15,35.65,16.67,80.0,normal
104.31,1.0,100.0,80.17,gangguan
310.44,5.31,16.67,80.0,normal
72.56,2.86,16.67,80.0,normal
200.3,4.84,0.0,80.9,normal
64.96,8.54,100.0,80.28,gangguan
402.51,33.75,16.67,80.0,normal
21.89,1.0,13.33,80.85,normal
148.11,9.85,16.67,80.0,normal
122.83,107.69,16.67,80.0,gangguan
25.0,6.42,16.67,80.0,normal
734.94,44.29,100.0,82.39,gangguan
30.75,44.69,16.67,80.0,normal
259.99,28.18,100.0,86.67,gangguan
137.53,61.64,0.0,81.27,normal
76.63,89.26,100.0,82.27,gangguan
184.5,18.32,100.0,80.94,gangguan
140.55,35.56,100.0,92.3,gangguan
5.88,1.0,0.0,80.35,normal
120.81,49.19,100.0,94.19,gangguan
126.09,26.43,100.0,93.42,gangguan
419.94,76.92,100.0,80.0,gangguan
128.48,67.85,100.0,93.13,gangguan
119.62,27.63,100.0,94.05,gangguan
173.11,61.2,0.0,80.1,normal
382.26,32.93,16.67,80.04,gangguan
337.02,1.0,0.0,80.0,normal
359.38,1.0,100.0,80.05,gangguan
112.27,1.0,100.0,94.66,gangguan
159.19,35.82,100.0,90.26,gangguan
527.08,97.58,100.0,83.08,gangguan
87.95,69.52,100.0,81.85,gangguan
844.89,118.96,100.0,80.19,gangguan
126.45,37.78,100.0,92.64,gangguan
316.58,28.13,12.5,80.5,normal
70.25,93.68,4.76,80.23,normal
451.72,219.64,0.0,80.35,gangguan
306.87,1.0,20.0,80.5,normal
82.11,40.3,100.0,81.88,gangguan
107.47,30.94,100.0,94.33,gangguan
162.78,41.4,100.0,89.42,gangguan
174.81,51.97,100.0,80.09,gangguan
174.81,51.96,100.0,80.09,gangguan
106.62,45.48,100.0,94.19,gangguan
596.42,26.62,100.0,80.03,gangguan
6.95,1.0,100.0,80.03,gangguan
60.54,1.0,100.0,80.0,gangguan
118.39,70.2,100.0,81.27,gangguan
5.94,164.39,0.0,83.01,gangguan
377.58,1.0,100.0,83.93,gangguan
121.08,39.53,100.0,92.29,gangguan
109.11,5.28,100.0,93.65,gangguan
7.36,27.96,100.0,80.0,gangguan
6.27,33.54,100.0,80.0,gangguan
529.94,33.43,100.0,80.0,gangguan
219.75,29.88,100.0,86.73,gangguan
117.84,69.04,0.0,81.25,normal
88.35,37.54,100.0,96.59,gangguan
69.83,9.12,100.0,82.09,gangguan
49.07,35.71,100.0,80.0,gangguan
47.64,36.78,100.0,80.03,gangguan
481.76,35.71,100.0,80.03,gangguan
467.36,36.78,100.0,80.03,gangguan
481.74,35.71,100.0,80.03,gangguan
47.64,36.78,100.0,80.03,gangguan
97.28,10.33,0.0,81.49,normal
78.25,125.46,7.69,80.18,gangguan
194.67,13.57,100.0,87.25,gangguan
109.29,30.66,100.0,92.74,gangguan
134.55,37.43,100.0,90.28,gangguan
107.61,62.74,100.0,81.29,gangguan
112.77,29.6,100.0,92.29,gangguan
84.07,56.86,100.0,81.65,gangguan
23.31,1.0,100.0,80.06,gangguan
172.12,1.0,0.0,80.08,normal
8.79,1.0,0.0,80.02,normal
82.08,40.46,100.0,96.47,gangguan
109.68,30.44,100.0,92.28,gangguan
44.33,36.78,100.0,80.03,gangguan
447.64,35.71,100.0,80.03,gangguan
110.9,50.35,100.0,80.01,gangguan
386.69,24.19,7.69,80.34,normal
408.09,24.9,0.0,80.32,normal
79.18,41.96,100.0,96.59,gangguan
111.83,1.0,100.0,81.17,gangguan
117.25,28.55,100.0,91.16,gangguan
104.28,32.01,100.0,92.56,gangguan
16.31,190.32,100.0,88.36,gangguan
421.76,70.79,100.0,83.0,gangguan
103.46,1.03,100.0,92.29,gangguan
103.46,1.03,100.0,92.29,gangguan
98.42,75.14,100.0,92.74,gangguan
107.82,5.9,100.0,91.43,gangguan
36.6,24.28,100.0,80.34,gangguan
67.81,22.13,100.0,98.16,gangguan
403.81,116.87,100.0,82.99,gangguan
1.97,84.41,100.0,92.28,gangguan
175.75,29.88,100.0,86.73,gangguan
93.92,4.1,100.0,92.56,gangguan
93.98,32.0,100.0,92.55,gangguan
8.75,135.97,100.0,80.01,gangguan
336.68,21.02,6.67,80.34,normal
90.86,37.06,100.0,92.83,gangguan
380.19,23.28,0.0,80.3,normal
93.74,78.0,100.0,92.28,gangguan
452.81,30.29,100.0,80.03,gangguan
101.61,33.0,100.0,81.1,gangguan
11.12,32.8,100.0,81.09,gangguan
156.95,31.07,100.0,87.01,gangguan
210.75,4.26,0.0,85.2,normal
177.9,28.82,100.0,86.15,gangguan
125.71,26.28,100.0,88.69,gangguan
87.95,78.0,100.0,92.28,gangguan
87.53,34.41,100.0,92.3,gangguan
198.29,1.0,100.0,80.05,gangguan
24.82,1.0,20.0,80.44,normal
127.55,49.25,100.0,80.08,gangguan
55.86,119.55,100.0,80.19,gangguan
30.6,178.99,5.88,80.0,normal
115.55,1.0,100.0,88.94,gangguan
187.35,1.0,100.0,80.01,gangguan
145.28,1.0,100.0,87.1,gangguan
88.12,1.0,100.0,80.01,gangguan
319.7,37.87,100.0,80.0,gangguan
83.08,91.99,100.0,92.28,gangguan
510.21,1.0,100.0,99.48,gangguan
91.19,36.84,100.0,91.0,gangguan
74.95,8.66,100.0,93.15,gangguan
29.3,1.0,9.09,80.34,normal
29.3,28.82,9.09,80.34,normal
283.03,28.9,9.09,80.34,normal
1.0,1.0,100.0,80.0,gangguan
112.63,7.35,100.0,80.09,gangguan
527.23,62.53,100.0,80.18,gangguan
87.66,38.36,100.0,91.0,gangguan
135.94,53.35,100.0,80.71,gangguan
117.66,1.0,100.0,80.0,gangguan
115.8,34.73,100.0,80.0,gangguan
191.02,24.67,100.0,80.05,gangguan
649.82,130.88,0.0,80.14,normal
347.4,1.0,100.0,80.27,gangguan
34.48,25.84,20.0,80.27,normal
83.61,40.26,100.0,91.08,gangguan
150.04,34.37,100.0,80.61,gangguan
54.26,61.9,100.0,80.17,gangguan
273.3,1.0,100.0,80.03,gangguan
288.3,37.89,100.0,80.03,gangguan
287.61,37.87,100.0,80.03,gangguan
195.33,96.03,100.0,80.0,gangguan
86.44,1.0,100.0,80.0,gangguan
69.46,12.71,0.0,81.29,normal
70.0,116.44,0.0,80.13,normal
86.32,39.08,100.0,90.28,gangguan
47.22,23.1,0.0,80.19,normal
16.07,34.89,100.0,80.01,gangguan
75.43,64.85,100.0,81.18,gangguan
227.95,4.47,0.0,80.04,normal
29.1,105.94,100.0,83.09,gangguan
45.14,18.61,0.0,81.94,normal
80.35,1.0,100.0,80.01,gangguan
89.73,1.0,100.0,80.0,gangguan
148.0,43.29,100.0,85.71,gangguan
60.59,77.04,100.0,94.0,gangguan
135.92,56.8,0.0,80.06,normal
150.82,1.0,100.0,85.53,gangguan
108.33,45.47,100.0,87.64,gangguan
79.58,61.74,100.0,80.1,gangguan
509.74,118.65,0.0,80.0,normal
168.76,1.0,100.0,80.48,gangguan
23.4,1.0,100.0,83.58,gangguan
45.71,1.0,100.0,81.79,gangguan
16.96,46.21,20.0,80.5,gangguan
160.53,1.0,0.0,80.05,normal
160.39,46.28,20.0,80.5,normal
148.41,1.0,100.0,80.05,gangguan
175.41,63.03,100.0,80.05,gangguan
123.11,45.19,100.0,80.01,gangguan
160.68,5.5,20.0,80.5,normal
74.42,22.84,100.0,80.0,gangguan
59.99,1.0,100.0,93.09,gangguan
589.62,1.0,100.0,81.31,gangguan
473.05,1.0,100.0,96.36,gangguan
550.63,1.0,100.0,94.05,gangguan
637.64,1.0,100.0,92.13,gangguan
590.35,1.0,100.0,93.11,gangguan
201.14,35.8,0.0,80.04,normal
69.97,91.88,100.0,80.01,gangguan
67.78,94.86,100.0,80.0,gangguan
249.09,23.78,100.0,83.08,gangguan
125.2,27.34,100.0,86.14,gangguan
76.48,1.0,100.0,90.01,gangguan
246.54,120.35,100.0,83.08,gangguan
112.43,1.0,100.0,86.78,gangguan
73.18,1.0,100.0,90.46,gangguan
70.47,1.0,100.0,90.87,gangguan
71.35,1.0,100.0,90.74,gangguan
78.94,79.96,100.0,89.69,gangguan
68.77,1.0,100.0,91.15,gangguan
531.42,117.02,100.0,94.24,gangguan
154.72,1.0,100.0,84.91,gangguan
5.37,1.0,100.0,81.73,gangguan
241.62,1.0,100.0,83.14,gangguan
665.19,93.66,100.0,81.14,gangguan
504.1,1.0,100.0,95.01,gangguan
449.61,1.0,100.0,81.68,gangguan
84.43,1.0,100.0,89.05,gangguan
35.34,120.09,100.0,80.22,gangguan
182.59,28.81,100.0,84.1,gangguan
57.26,118.24,0.0,92.95,normal
5.42,20.13,0.0,81.64,normal
131.05,26.23,100.0,85.57,gangguan
131.05,1.0,100.0,85.57,gangguan
61.2,20.21,0.0,80.12,normal
236.94,1.0,0.0,80.0,normal
25.07,27.44,0.0,80.0,normal
301.24,101.25,100.0,80.0,gangguan
357.38,134.49,7.69,80.0,normal
31.97,21.42,0.0,80.0,normal
67.75,77.2,100.0,90.29,gangguan
125.34,27.47,100.0,85.52,gangguan
50.02,1.0,100.0,81.4,gangguan
213.5,53.36,100.0,80.0,gangguan
199.77,46.09,14.29,80.33,normal
87.94,56.9,100.0,80.08,gangguan
65.01,8.59,100.0,80.1,gangguan
282.2,95.51,100.0,80.23,gangguan
621.13,1.0,100.0,81.05,gangguan
139.99,13.65,100.0,80.0,gangguan
77.78,1.0,100.0,80.0,gangguan
2.58,34.2,100.0,84.07,gangguan
614.32,105.52,100.0,80.01,gangguan
387.59,27.45,0.0,80.16,normal
35.04,22.22,100.0,98.23,gangguan
101.55,30.46,100.0,80.61,gangguan
471.72,36.66,100.0,93.13,gangguan
85.76,119.44,0.0,80.73,normal
4.72,112.73,100.0,81.65,gangguan
21.93,34.95,100.0,80.29,gangguan
591.01,57.19,100.0,81.03,gangguan
584.08,1.0,100.0,90.47,gangguan
121.73,46.77,100.0,85.06,gangguan
209.91,1.0,100.0,82.88,gangguan
37.97,1.0,0.0,80.16,normal
404.77,25.17,100.0,81.48,gangguan
40.38,1.0,9.09,95.02,normal
22.03,1.0,0.0,80.03,normal
234.69,23.73,0.0,80.0,normal
484.73,11.98,0.0,80.0,normal
107.24,50.63,0.0,80.0,normal
78.98,1.0,100.0,80.0,gangguan
160.21,1.0,0.0,80.36,normal
548.64,61.81,100.0,90.45,gangguan
98.68,96.25,0.0,85.84,normal
5.11,11.17,100.0,81.37,gangguan
55.52,12.95,100.0,80.01,gangguan
152.8,1.0,0.0,80.36,normal
546.12,91.81,100.0,81.0,gangguan
88.82,57.37,100.0,86.23,gangguan
386.61,38.97,100.0,80.01,gangguan
39.75,38.79,100.0,80.01,gangguan
39.56,38.98,100.0,80.01,gangguan
40.86,37.74,100.0,80.0,gangguan
400.0,37.7,100.0,80.01,gangguan
398.8,37.81,100.0,80.01,gangguan
39.54,1.0,100.0,80.01,gangguan
39.59,1.0,100.0,80.01,gangguan
400.07,37.69,100.0,80.01,gangguan
40.94,37.66,100.0,80.01,gangguan
39.58,38.95,100.0,80.01,gangguan
40.89,37.71,100.0,80.01,gangguan
40.89,37.71,100.0,80.01,gangguan
386.76,1.0,100.0,80.01,gangguan
39.66,1.0,100.0,80.01,gangguan
386.73,38.96,100.0,80.01,gangguan
40.91,37.69,100.0,80.01,gangguan
40.91,37.69,100.0,80.01,gangguan
4.99,1.0,100.0,80.01,gangguan
40.91,37.69,100.0,80.01,gangguan
40.84,37.75,100.0,80.01,gangguan
40.91,37.69,100.0,80.01,gangguan
386.91,1.0,100.0,80.01,gangguan
386.91,38.94,100.0,80.01,gangguan
388.43,38.8,100.0,80.01,gangguan
39.57,38.96,100.0,80.01,gangguan
400.06,1.0,100.0,80.01,gangguan
40.9,37.7,100.0,80.01,gangguan
40.81,37.78,100.0,80.01,gangguan
40.94,1.0,100.0,80.01,gangguan
399.99,37.7,100.0,80.01,gangguan
39.59,38.95,100.0,80.01,gangguan
39.6,1.0,100.0,80.01,gangguan
40.91,37.69,100.0,80.01,gangguan
386.57,38.98,100.0,80.01,gangguan
39.58,1.0,100.0,80.0,gangguan
400.09,37.69,100.0,80.01,gangguan
387.21,1.0,100.0,80.01,gangguan
386.72,38.96,100.0,80.01,gangguan
39.52,1.0,100.0,80.01,gangguan
321.62,1.0,100.0,96.66,gangguan
15.93,1.0,100.0,83.58,gangguan
50.4,29.84,0.0,80.11,normal
187.26,1.0,0.0,80.03,normal
85.9,1.0,100.0,80.61,gangguan
41.92,85.82,7.69,80.01,normal
41.93,85.79,7.69,80.01,normal
164.13,43.24,100.0,83.11,gangguan
246.61,14.71,100.0,82.02,gangguan
656.97,1.0,100.0,80.08,gangguan
110.95,52.36,0.0,80.04,normal
455.3,124.8,100.0,81.06,gangguan
118.33,26.67,100.0,80.41,gangguan
86.27,64.87,100.0,85.49,gangguan
82.17,94.81,0.0,80.58,normal
416.81,300.0,0.0,80.01,gangguan
341.62,16.64,100.0,93.44,gangguan
9.9,60.87,100.0,80.51,gangguan
311.23,11.93,100.0,94.75,gangguan
443.74,84.78,100.0,90.28,gangguan
29.74,1.0,100.0,80.02,gangguan
2.89,27.95,100.0,82.32,gangguan
190.0,1.0,100.0,80.02,gangguan
86.05,1.0,100.0,80.0,gangguan
51.44,24.28,0.0,80.0,normal
294.62,1.0,9.09,80.01,normal
16.71,74.4,100.0,80.03,gangguan
39.43,30.88,0.0,80.11,normal
40.59,1.0,0.0,80.01,normal
77.13,1.0,100.0,80.55,gangguan
543.5,1.0,100.0,80.08,gangguan
557.08,1.0,100.0,80.08,gangguan
55.58,1.0,100.0,80.08,gangguan
84.53,136.21,0.0,80.05,normal
147.53,1.0,0.0,80.0,normal
302.79,11.11,100.0,93.65,gangguan
30.92,1.0,100.0,80.01,gangguan
434.93,1.0,100.0,80.01,gangguan
46.62,37.11,100.0,80.01,gangguan
30.93,1.0,100.0,80.01,gangguan
290.51,1.0,100.0,80.01,gangguan
30.93,1.0,100.0,80.01,gangguan
46.66,1.0,100.0,80.01,gangguan
44.36,38.99,100.0,80.01,gangguan
290.47,1.0,100.0,80.01,gangguan
290.37,1.0,100.0,80.01,gangguan
290.47,1.0,100.0,80.01,gangguan
49.17,1.0,100.0,80.01,gangguan
141.93,76.84,0.0,80.0,normal
174.26,21.33,20.0,80.02,normal
540.25,7.47,0.0,80.01,normal
63.89,55.91,100.0,80.61,gangguan
93.06,1.0,100.0,84.1,gangguan
92.9,112.23,100.0,84.1,gangguan
46.77,96.71,100.0,80.82,gangguan
46.77,96.71,100.0,80.82,gangguan
458.74,10.57,100.0,80.82,gangguan
220.07,11.7,100.0,97.06,gangguan
417.0,1.0,100.0,80.01,gangguan
226.86,1.0,0.0,80.16,normal
366.73,27.87,0.0,80.01,normal
40.62,62.46,100.0,89.05,gangguan
111.86,88.23,0.0,83.21,normal
394.76,11.52,100.0,89.04,gangguan
40.96,25.03,100.0,80.01,gangguan
142.72,1.0,0.0,80.0,normal
151.01,20.06,0.0,80.0,normal
95.12,61.76,100.0,80.0,gangguan
576.93,100.3,100.0,86.09,gangguan
32.97,1.0,100.0,90.98,gangguan
256.69,37.94,0.0,80.14,normal
214.32,45.04,0.0,80.16,normal
442.3,1.0,100.0,80.08,gangguan
439.67,1.0,100.0,80.01,gangguan
87.19,1.0,100.0,80.4,gangguan
5.41,1.0,100.0,80.08,gangguan
653.66,143.34,0.0,80.01,normal
537.33,1.0,100.0,80.61,gangguan
62.23,88.31,100.0,80.05,gangguan
96.97,1.0,100.0,83.42,gangguan
102.64,1.0,100.0,83.23,gangguan
132.12,1.0,0.0,80.0,normal
142.74,1.0,0.0,80.0,normal
211.48,42.84,0.0,81.54,normal
39.97,135.81,33.33,80.0,gangguan
198.49,1.0,0.0,80.0,normal
95.49,1.0,100.0,80.33,gangguan
339.85,1.0,0.0,80.09,normal
34.86,1.0,0.0,80.09,normal
400.35,1.0,100.0,80.77,gangguan
339.89,1.0,0.0,80.09,normal
101.0,1.0,100.0,83.08,gangguan
333.73,150.77,0.0,80.09,normal
156.7,1.0,33.33,80.0,normal
141.03,35.63,33.33,80.0,normal
90.08,1.0,33.33,80.0,gangguan
53.11,1.0,0.0,80.0,normal
101.76,1.0,0.0,80.0,normal
88.06,28.79,0.0,80.0,normal
240.93,1.0,0.0,80.0,normal
49.09,51.31,0.0,80.0,normal
32.79,1.0,0.0,80.0,normal
61.46,133.8,100.0,80.05,gangguan
326.44,74.54,100.0,89.03,gangguan
64.6,38.63,0.0,80.0,normal
33.5,74.64,100.0,89.04,gangguan
305.93,1.0,0.0,80.0,normal
94.01,85.66,100.0,80.03,gangguan
88.51,27.93,0.0,80.0,normal
96.24,1.0,0.0,80.0,gangguan
37.8,1.0,0.0,80.01,normal
392.19,1.0,0.0,80.0,normal
35.31,1.0,100.0,80.82,gangguan
515.4,1.0,100.0,80.55,gangguan
52.44,1.0,100.0,80.55,gangguan
515.79,1.0,100.0,80.55,gangguan
514.94,1.0,100.0,80.55,gangguan
515.38,1.0,100.0,80.55,gangguan
97.19,24.86,0.0,80.0,normal
31.21,1.0,0.0,80.0,normal
234.37,1.0,0.0,80.0,normal
174.82,133.03,0.0,80.0,gangguan
43.62,1.0,0.0,80.0,normal
388.9,1.0,0.0,80.0,normal
244.79,1.0,0.0,80.0,normal
495.34,1.0,0.0,80.0,normal
74.72,1.0,0.0,80.0,normal
9.6,89.39,100.0,80.0,gangguan
96.44,1.0,0.0,80.0,normal
381.12,1.0,0.0,80.0,normal
73.96,1.0,0.0,80.0,normal
202.9,1.0,0.0,80.14,normal
205.42,16.64,100.0,93.44,gangguan
74.68,1.0,100.0,80.0,gangguan
85.27,1.0,0.0,80.0,normal
400.63,140.35,100.0,80.07,gangguan
400.54,140.38,100.0,80.07,gangguan
219.68,1.0,100.0,92.5,gangguan
92.44,1.0,100.0,82.99,gangguan
400.81,1.0,100.0,80.07,gangguan
372.55,60.81,0.0,80.0,normal
183.92,1.0,0.0,80.0,normal
65.75,1.0,0.0,80.0,normal
56.23,40.96,0.0,80.0,gangguan
290.82,1.0,100.0,80.01,gangguan
65.32,35.15,100.0,80.0,gangguan
146.83,25.87,100.0,98.31,gangguan
356.97,68.91,100.0,80.08,gangguan
73.46,51.04,100.0,80.37,gangguan
163.24,23.35,100.0,96.46,gangguan
52.92,84.81,100.0,85.14,gangguan
562.7,1.0,0.0,80.0,normal
118.5,185.29,0.0,80.0,normal
90.06,41.14,14.29,80.0,normal
180.06,1.0,14.29,80.0,normal
193.62,1.0,60.0,80.01,gangguan
152.25,1.0,14.29,80.0,normal
571.52,1.0,0.0,80.0,normal
31.59,117.85,14.29,80.0,gangguan
267.07,1.0,0.0,80.0,normal
362.08,60.11,0.0,80.0,normal
59.31,123.01,0.0,84.49,normal
299.98,1.0,0.0,80.0,normal
61.05,36.54,0.0,80.0,normal
73.58,30.4,0.0,80.0,normal
366.51,1.0,0.0,80.0,normal
34.31,65.08,0.0,80.01,normal
30.8,1.0,0.0,80.0,normal
25.81,1.0,0.0,80.0,normal
146.47,1.0,0.0,80.0,normal
85.44,1.0,0.0,80.0,normal
218.18,1.0,0.0,80.0,normal
36.46,60.17,0.0,80.0,normal
40.12,1.0,0.0,80.0,normal
672.56,1.0,0.0,80.0,normal
640.16,1.0,0.0,80.0,normal
113.3,1.0,0.0,80.0,normal
99.36,1.0,0.0,80.0,normal
66.96,1.0,0.0,80.0,normal
272.9,1.0,0.0,80.0,normal
81.96,1.0,33.33,80.03,normal
80.19,1.0,33.33,80.0,normal
79.66,1.0,33.33,80.03,normal
171.75,25.03,33.33,80.01,normal
168.77,1.0,33.33,80.02,normal
199.48,103.57,0.0,80.0,normal
74.69,28.49,0.0,80.0,normal
97.73,1.0,0.0,80.0,normal
310.72,215.09,100.0,80.79,gangguan
323.19,1.0,20.0,80.01,normal
167.29,30.83,20.0,80.15,normal
53.51,1.0,0.0,80.0,normal
105.59,1.0,0.0,80.0,normal
243.43,1.0,100.0,89.97,gangguan
187.32,1.0,0.0,80.0,normal
126.55,1.0,0.0,80.0,normal
271.58,1.0,0.0,80.0,normal
30.71,83.38,100.0,88.09,gangguan
131.34,1.0,100.0,98.44,gangguan
156.29,1.0,100.0,95.48,gangguan
88.75,1.0,100.0,82.74,gangguan
298.11,1.0,100.0,88.09,gangguan
298.11,83.38,100.0,88.09,gangguan
30.71,83.38,100.0,80.81,gangguan
298.1,1.0,100.0,80.81,gangguan
298.11,83.38,100.0,80.81,gangguan
81.16,1.0,100.0,83.0,gangguan
118.4,1.0,33.33,80.2,normal
298.1,83.38,100.0,88.09,gangguan
298.12,1.0,100.0,88.09,gangguan
298.11,1.0,100.0,88.09,gangguan
298.11,1.0,100.0,88.09,gangguan
298.11,1.0,100.0,88.09,gangguan
298.1,83.38,100.0,88.09,gangguan
30.71,1.0,100.0,88.09,gangguan
298.11,1.0,100.0,88.09,gangguan
298.1,1.0,100.0,88.09,gangguan
298.09,1.0,100.0,88.09,gangguan
15.11,1.0,100.0,97.03,gangguan
30.71,83.39,100.0,88.09,gangguan
55.35,120.79,0.0,80.0,normal
59.71,1.0,0.0,80.04,normal
43.79,1.0,100.0,80.55,gangguan
429.28,112.88,100.0,80.55,gangguan
155.84,1.0,0.0,80.0,normal
561.1,1.0,0.0,80.0,normal
84.2,1.0,0.0,80.0,normal
653.35,1.0,100.0,80.0,gangguan
464.34,42.03,0.0,80.0,normal
27.02,1.0,0.0,80.0,normal
18.53,108.54,0.0,80.0,normal
102.75,1.0,0.0,80.0,normal
17.78,224.52,100.0,80.0,gangguan
184.08,1.0,0.0,80.0,normal
11.31,61.29,100.0,82.22,gangguan
179.22,21.93,100.0,92.84,gangguan
322.05,59.09,0.0,80.0,normal
45.67,1.0,0.0,80.01,normal
219.59,1.0,0.0,80.0,normal
15.47,128.78,0.0,80.0,normal
21.41,1.0,0.0,80.0,normal
365.2,1.0,0.0,80.0,normal
313.52,1.0,0.0,80.0,normal
133.28,1.0,0.0,80.0,normal
462.56,40.96,0.0,80.0,normal
57.43,1.0,0.0,80.0,normal
442.26,42.68,0.0,80.0,normal
200.79,1.0,0.0,80.0,normal
876.67,1.0,0.0,80.0,normal
333.34,1.0,0.0,80.0,normal
111.03,1.0,0.0,80.0,normal
482.7,38.96,0.0,80.0,normal
61.18,1.0,0.0,80.0,normal
19.14,1.0,0.0,80.0,normal
29.77,1.0,0.0,80.0,normal
30.61,62.59,0.0,80.0,normal
118.41,1.0,0.0,80.0,normal
58.28,1.0,0.0,80.0,normal
43.75,1.0,0.0,80.0,normal
33.47,1.0,0.0,80.0,normal
234.11,78.56,0.0,80.0,gangguan
324.64,1.0,0.0,80.0,normal
198.03,1.0,0.0,80.0,normal
295.95,1.0,0.0,80.0,normal
184.98,98.98,0.0,80.0,normal
171.42,35.86,100.0,92.83,gangguan
135.87,45.04,100.0,80.16,gangguan
2.58,1.0,50.0,80.0,gangguan
160.15,38.32,50.0,80.01,normal
160.11,38.33,50.0,80.0,normal
188.06,1.0,100.0,80.01,gangguan
442.14,14.47,100.0,84.96,gangguan
242.12,25.64,100.0,80.09,gangguan
18.5,34.95,100.0,92.5,gangguan
461.89,13.89,100.0,84.75,gangguan
456.52,14.04,100.0,84.8,gangguan
165.64,1.0,100.0,93.28,gangguan
159.23,38.54,50.0,80.01,gangguan
159.52,1.0,50.0,80.01,normal
108.31,166.09,0.0,80.0,normal
360.77,1.0,0.0,80.0,normal
183.59,98.03,0.0,80.0,normal
58.99,1.0,0.0,80.0,normal
67.69,133.83,100.0,80.0,gangguan
39.38,46.62,0.0,80.0,normal
145.03,1.0,0.0,80.0,normal
216.47,1.0,0.0,80.0,normal
16.7,1.0,0.0,80.0,normal
228.44,1.0,0.0,80.0,normal
660.15,1.0,0.0,80.0,normal
180.5,1.0,0.0,80.0,normal
265.09,95.15,100.0,88.09,gangguan
265.22,95.11,100.0,88.08,gangguan
27.41,95.15,100.0,88.09,gangguan
265.09,95.15,100.0,88.09,gangguan
25.0,1.0,100.0,80.01,gangguan
216.58,1.0,0.0,80.0,normal
571.42,1.0,0.0,80.0,normal
46.68,1.0,0.0,80.0,normal
21.88,1.0,0.0,80.0,normal
5.18,1.0,0.0,80.0,normal
28.91,62.62,0.0,80.0,normal
273.07,1.0,0.0,80.01,normal
282.2,1.0,100.0,80.01,gangguan
149.92,1.0,60.0,80.01,normal
223.79,1.0,20.0,80.01,normal
13.94,1.0,20.0,80.02,normal
307.74,140.33,100.0,80.07,gangguan
31.66,1.0,100.0,80.07,gangguan
307.67,140.36,100.0,80.07,gangguan
132.36,1.0,20.0,80.02,normal
91.7,1.0,60.0,80.0,normal
70.34,82.68,100.0,80.0,gangguan
87.24,1.0,0.0,80.0,normal
560.41,31.28,0.0,80.0,normal
256.31,67.35,0.0,80.0,normal
37.79,1.0,0.0,80.0,normal
25.83,1.0,0.0,80.0,normal
298.06,1.0,0.0,80.0,normal
214.26,1.0,0.0,80.0,normal
23.23,1.0,0.0,80.0,normal
454.14,1.0,0.0,80.0,normal
77.25,1.0,0.0,80.0,normal
138.34,123.59,0.0,80.0,normal
207.68,1.0,0.0,80.0,normal
30.86,1.0,0.0,80.0,normal
263.97,65.02,0.0,80.01,normal
31.85,1.0,0.0,80.0,normal
535.92,1.0,0.0,80.0,normal
90.46,1.0,0.0,80.0,normal
282.99,20.6,0.0,80.0,normal
281.08,20.73,0.0,80.0,normal
272.51,21.35,0.0,80.0,normal
273.8,1.0,0.0,80.0,normal
195.65,1.0,0.0,80.0,normal
73.89,1.0,0.0,80.0,normal
3.74,60.67,0.0,80.01,normal
169.96,1.0,0.0,80.0,normal
27.89,61.69,0.0,80.0,normal
351.02,1.0,0.0,80.0,normal
1.98,1.0,0.0,80.0,normal
116.2,1.0,0.0,80.0,normal
158.88,1.0,0.0,80.0,normal
127.89,128.78,0.0,80.0,normal
179.91,1.0,0.0,80.0,normal
386.23,14.99,100.0,85.15,gangguan
30.84,54.83,0.0,80.0,normal
158.66,1.0,100.0,92.5,gangguan
25.93,1.0,0.0,80.0,normal
164.25,1.0,0.0,80.0,normal
251.4,64.51,0.0,80.0,normal
44.5,73.88,100.0,80.04,gangguan
118.34,1.0,0.0,80.0,normal
282.81,1.0,0.0,80.0,normal
29.04,1.0,0.0,80.0,normal
112.84,1.0,0.0,80.0,normal
375.49,1.0,0.0,80.01,normal
192.4,28.07,100.0,89.97,gangguan
519.17,1.0,100.0,80.04,gangguan
204.98,76.17,0.0,80.0,normal
243.2,1.0,0.0,80.0,normal
407.85,1.0,0.0,80.0,normal
71.58,1.0,0.0,80.0,normal
344.2,15.89,100.0,80.55,gangguan
686.83,1.0,100.0,80.03,gangguan
62.91,1.0,0.0,80.0,normal
147.7,1.0,0.0,80.0,normal
27.49,20.3,0.0,80.0,normal
31.93,1.0,0.0,80.0,normal
58.29,1.0,0.0,80.0,normal
131.22,117.96,0.0,80.0,normal
215.58,119.29,100.0,88.71,gangguan
455.01,34.43,0.0,80.0,normal
63.52,1.0,0.0,80.0,normal
8.06,1.0,0.0,80.0,normal
6.32,1.0,0.0,80.0,normal
70.43,1.0,0.0,80.0,normal
546.96,1.0,0.0,80.0,normal
67.43,1.0,0.0,80.0,normal
208.13,1.0,0.0,80.0,normal
17.36,1.0,0.0,80.0,normal
258.43,1.0,0.0,80.0,normal
48.01,1.0,0.0,80.0,normal
36.83,1.0,0.0,80.0,normal
657.07,1.0,20.0,80.0,normal
33.67,149.0,100.0,80.05,gangguan
252.33,29.44,100.0,80.01,gangguan
116.01,1.0,0.0,80.0,normal
223.33,1.0,0.0,80.0,normal
183.16,78.35,0.0,80.0,normal
39.66,37.45,0.0,80.0,normal
285.0,1.0,0.0,80.0,normal
66.15,1.0,0.0,80.0,normal
207.66,69.18,0.0,80.0,normal
554.44,1.0,0.0,80.0,normal
176.02,1.0,100.0,80.0,gangguan
452.68,1.0,0.0,80.0,normal
195.41,1.0,0.0,80.0,normal
5.02,1.0,0.0,80.0,normal
70.17,1.0,0.0,80.0,normal
820.24,1.0,100.0,80.02,gangguan
139.52,1.0,0.0,80.0,normal
144.34,1.0,0.0,80.0,normal
233.66,60.67,0.0,80.01,normal
62.81,1.0,0.0,80.0,normal
22.97,1.0,0.0,80.01,normal
114.65,41.11,0.0,80.01,normal
115.9,1.0,50.0,80.0,gangguan
13.48,37.52,50.0,80.01,normal
116.36,40.52,0.0,80.01,normal
17.76,28.2,100.0,81.0,gangguan
282.45,162.97,0.0,80.01,normal
59.6,1.0,0.0,80.0,normal
214.26,1.0,0.0,80.0,normal
691.46,1.0,0.0,80.0,normal
65.02,105.39,100.0,80.03,gangguan
55.81,1.0,100.0,82.99,gangguan
6.48,1.0,100.0,82.99,gangguan
221.74,31.27,100.0,80.01,gangguan
533.43,126.51,100.0,80.31,gangguan
19.56,1.0,100.0,80.01,gangguan
208.7,1.0,0.0,80.0,normal
10.13,1.0,0.0,80.0,normal
176.12,25.95,0.0,80.0,normal
175.93,25.97,0.0,80.0,normal
140.88,32.23,0.0,80.0,normal
18.49,25.98,0.0,80.0,normal
179.74,245.41,0.0,80.0,gangguan
155.71,29.24,0.0,80.0,gangguan
18.43,26.06,0.0,80.0,normal
101.85,44.32,0.0,80.16,normal
171.61,1.0,0.0,80.0,normal
4.91,34.5,0.0,80.0,normal
55.2,1.0,0.0,80.0,normal
172.03,26.54,0.0,80.0,normal
54.44,1.0,100.0,83.0,gangguan
214.59,1.0,100.0,80.08,gangguan
160.36,1.0,100.0,81.01,gangguan
199.25,132.7,100.0,88.08,gangguan
56.9,1.0,0.0,80.0,normal
86.51,1.0,0.0,80.0,normal
160.51,1.0,0.0,80.0,normal
217.93,1.0,0.0,80.0,normal
124.45,1.0,0.0,80.0,normal
22.52,1.0,0.0,80.0,normal
2.19,106.92,0.0,80.0,gangguan
206.87,1.0,0.0,80.0,normal
224.32,1.0,0.0,80.0,normal
107.65,1.0,0.0,80.0,normal
660.67,20.08,0.0,80.0,normal
168.55,1.0,0.0,80.01,normal
161.61,1.0,0.0,80.0,normal
147.39,1.0,0.0,80.0,normal
219.22,1.0,0.0,80.0,normal
211.42,1.0,0.0,80.01,normal
2.75,1.0,0.0,80.0,normal
23.28,19.6,100.0,80.07,gangguan
56.8,75.27,50.0,80.27,gangguan
50.85,1.0,100.0,83.06,gangguan
499.45,1.0,100.0,83.06,gangguan
163.56,26.49,100.0,80.01,gangguan
19.39,68.03,0.0,80.0,normal
212.59,1.0,0.0,80.0,normal
297.54,1.0,0.0,80.0,normal
387.62,32.62,0.0,80.0,normal
193.16,64.08,0.0,80.0,normal
50.7,1.0,100.0,80.3,gangguan
149.18,1.0,100.0,81.0,gangguan
192.37,21.57,0.0,80.0,normal
16.83,1.0,0.0,80.0,normal
83.08,1.0,0.0,80.0,normal
214.28,1.0,0.0,80.0,normal
196.74,1.0,0.0,80.01,normal
150.01,79.57,0.0,80.0,normal
199.43,1.0,0.0,80.0,normal
206.73,57.91,0.0,80.0,normal
106.19,1.0,0.0,80.0,normal
123.18,1.0,0.0,80.0,normal
454.67,26.81,0.0,80.0,normal
156.85,76.12,0.0,80.01,normal
181.18,1.0,0.0,80.0,normal
146.99,1.0,0.0,80.0,normal
192.27,62.21,0.0,80.0,normal
138.8,85.96,0.0,80.0,normal
194.34,1.0,0.0,80.0,normal
15.37,1.0,0.0,80.0,normal
106.04,1.0,100.0,80.14,gangguan
37.93,1.0,0.0,80.0,normal
418.83,14.76,33.33,80.0,normal
52.09,113.55,100.0,80.28,gangguan
129.92,1.0,33.33,80.0,normal
154.25,1.0,33.33,80.0,normal
151.71,1.0,33.33,80.0,normal
34.08,1.0,0.0,80.0,normal
160.84,1.0,0.0,80.0,normal
515.37,1.0,100.0,80.27,gangguan
571.33,1.0,0.0,80.0,normal
43.87,27.58,100.0,80.0,gangguan
78.36,1.0,0.0,80.0,normal
187.56,1.0,0.0,80.0,normal
192.99,1.0,0.0,80.0,normal
174.81,66.27,0.0,80.0,normal
200.7,57.81,0.0,80.0,normal
177.17,1.0,0.0,80.0,normal
187.07,61.97,0.0,80.0,normal
132.96,86.97,0.0,80.0,normal
185.13,1.0,0.0,80.0,normal
2.77,1.0,0.0,80.0,normal
19.53,1.0,0.0,80.0,normal
192.47,1.0,0.0,80.0,normal
197.73,1.0,0.0,80.0,normal
74.74,1.0,0.0,80.0,normal
25.38,1.0,0.0,80.0,normal
134.4,1.0,0.0,80.0,normal
180.69,63.27,0.0,80.0,normal
170.65,1.0,0.0,80.0,normal
173.35,1.0,0.0,80.0,normal
17.98,66.91,0.0,80.0,normal
15.33,1.0,0.0,80.0,normal
198.79,57.57,0.0,80.0,normal
69.39,1.0,0.0,80.0,normal
16.52,73.11,0.0,80.0,normal
109.58,1.0,0.0,80.0,normal
21.09,1.0,0.0,80.0,normal
200.59,1.0,0.0,80.0,normal
19.46,61.61,0.0,80.0,normal
147.64,1.0,0.0,80.0,normal
198.03,1.0,0.0,80.0,normal
209.77,1.0,0.0,80.0,normal
125.77,1.0,0.0,80.0,normal
19.97,1.0,0.0,80.0,normal
182.48,1.0,0.0,80.0,normal
161.7,1.0,0.0,80.0,normal
19.25,1.0,0.0,80.0,normal
208.67,1.0,0.0,80.0,normal
194.84,1.0,0.0,80.0,normal
180.07,1.0,0.0,80.0,normal
178.43,1.0,0.0,80.0,normal
206.87,1.0,0.0,80.0,normal
114.87,1.0,0.0,80.0,normal
176.66,1.0,0.0,80.0,normal
32.95,1.0,0.0,80.0,normal
82.09,138.99,0.0,80.0,normal
183.06,1.0,0.0,80.0,normal
176.53,1.0,0.0,80.0,normal
166.66,68.54,0.0,80.0,normal
203.22,1.0,0.0,80.0,normal
83.49,1.0,0.0,80.0,normal
20.02,1.0,0.0,80.0,normal
63.49,1.0,0.0,80.0,normal
115.42,98.79,0.0,80.0,normal
181.37,1.0,0.0,80.0,normal
192.87,1.0,0.0,80.0,normal
21.54,55.48,0.0,80.01,normal
149.76,1.0,0.0,80.0,normal
192.05,1.0,0.0,80.0,normal
182.6,62.62,0.0,80.0,normal
155.82,1.0,0.0,80.0,normal
172.3,1.0,0.0,80.0,normal
191.48,1.0,0.0,80.0,normal
56.89,1.0,0.0,80.0,normal
165.69,1.0,0.0,80.0,normal
437.04,1.0,100.0,80.31,gangguan
193.41,59.16,0.0,80.0,normal
201.4,1.0,0.0,80.0,normal
199.53,1.0,0.0,80.0,normal
166.89,68.45,0.0,80.0,normal
194.28,1.0,0.0,80.0,normal
72.88,52.89,100.0,80.0,gangguan
128.16,1.0,0.0,80.0,normal
16.6,72.73,0.0,80.0,normal
153.43,1.0,0.0,80.01,normal
138.37,1.0,0.0,80.0,normal
122.97,1.0,0.0,80.0,normal
14.87,1.0,0.0,80.0,normal
20.64,57.97,0.0,80.0,normal
206.35,1.0,0.0,80.0,normal
180.35,1.0,0.0,80.0,normal
125.35,1.0,0.0,80.0,normal
282.9,1.0,0.0,80.0,normal
211.35,54.2,0.0,80.0,normal
135.63,1.0,0.0,80.0,normal
192.8,59.34,0.0,80.0,normal
156.06,1.0,0.0,80.0,normal
196.22,1.0,0.0,80.0,normal
78.94,1.0,0.0,80.0,normal
142.2,1.0,0.0,80.0,normal
59.51,1.0,0.0,80.0,normal
564.38,1.0,0.0,80.0,normal
326.9,1.0,100.0,80.04,gangguan
33.59,1.0,100.0,80.04,gangguan
395.23,1.0,0.0,80.0,normal
63.52,1.0,0.0,80.0,normal
803.65,1.0,0.0,80.0,normal
139.55,1.0,0.0,80.0,normal
63.51,1.0,0.0,80.0,normal
157.04,1.0,0.0,80.0,normal
190.06,1.0,0.0,80.0,normal
78.17,1.0,0.0,80.0,normal
146.01,1.0,0.0,80.0,normal
14.71,1.0,0.0,80.0,normal
300.82,1.0,0.0,80.0,normal
237.77,1.0,100.0,80.01,gangguan
45.24,25.12,0.0,80.0,normal
276.58,1.0,0.0,80.0,normal
169.18,1.0,0.0,80.0,normal
192.12,1.0,0.0,80.0,normal
102.23,1.0,0.0,80.0,normal
202.65,1.0,0.0,80.0,normal
119.82,1.0,0.0,80.0,normal
347.93,1.0,0.0,80.0,normal
189.03,1.0,0.0,80.0,normal
179.05,1.0,0.0,80.0,normal
125.38,1.0,0.0,80.0,normal
113.58,1.0,0.0,80.0,normal
74.71,1.0,0.0,80.0,normal
187.63,57.07,0.0,80.0,normal
132.38,1.0,0.0,80.0,normal
114.96,1.0,0.0,80.0,normal
175.98,1.0,0.0,80.01,normal
183.15,1.0,0.0,80.0,normal
173.7,1.0,0.0,80.0,normal
155.29,1.0,0.0,80.0,normal
75.44,1.0,0.0,80.0,normal
178.8,59.85,0.0,80.0,normal
16.55,1.0,0.0,80.0,normal
173.98,1.0,0.0,80.0,normal
170.52,62.73,0.0,80.0,normal
231.24,1.0,0.0,80.0,normal
69.44,1.0,0.0,80.0,normal
140.32,1.0,0.0,80.01,normal
166.17,1.0,0.0,80.0,normal
101.18,1.0,0.0,80.0,normal
174.56,1.0,0.0,80.0,normal
147.74,72.31,0.0,80.0,normal
151.23,1.0,0.0,80.0,normal
175.77,60.88,0.0,80.0,normal
194.3,27.53,33.33,80.01,normal
53.1,1.0,33.33,80.02,normal
210.32,1.0,33.33,80.01,gangguan
108.4,48.75,33.33,80.01,normal
109.08,48.45,33.33,80.01,normal
96.25,1.0,0.0,80.0,normal
572.98,1.0,0.0,80.0,normal
51.74,21.01,0.0,80.0,normal
175.2,59.29,0.0,80.0,normal
114.8,1.0,0.0,80.0,normal
110.78,1.0,0.0,80.0,normal
125.79,1.0,0.0,80.0,normal
12.82,1.0,0.0,80.0,normal
109.89,94.25,0.0,80.0,normal
165.45,62.74,0.0,80.0,normal
16.51,66.45,0.0,80.0,normal
22.38,1.0,0.0,80.0,normal
132.58,78.17,0.0,80.0,normal
160.23,1.0,0.0,80.0,normal
171.34,60.61,0.0,80.0,normal
171.47,60.56,0.0,80.0,normal
155.89,1.0,0.0,80.0,normal
143.31,1.0,0.0,80.0,normal
178.63,58.16,0.0,80.0,normal
175.3,1.0,0.0,80.0,normal
143.4,1.0,0.0,80.0,normal
173.08,60.0,0.0,80.0,normal
19.65,1.0,0.0,80.01,normal
128.71,80.51,0.0,80.0,normal
167.29,1.0,0.0,80.0,normal
136.99,1.0,0.0,80.0,normal
17.9,1.0,0.0,80.0,normal
139.41,1.0,0.0,80.01,normal
175.05,59.34,0.0,80.0,normal
17.94,1.0,0.0,80.0,normal
161.7,1.0,0.0,80.0,normal
75.93,1.0,0.0,80.0,normal
114.42,1.0,0.0,80.0,normal
164.19,1.0,0.0,80.0,normal
17.37,63.01,0.0,80.0,normal
112.99,91.66,0.0,80.0,gangguan
145.26,71.38,0.0,80.0,normal
171.98,1.0,0.0,80.0,normal
138.38,74.91,0.0,80.0,normal
99.64,1.0,0.0,80.0,normal
1000.0,1.0,0.0,80.0,normal
155.93,1.0,0.0,80.0,normal
76.4,135.66,0.0,80.0,normal
174.29,59.59,0.0,80.0,normal
174.62,1.0,0.0,80.0,normal
151.02,1.0,0.0,80.0,normal
75.43,1.0,0.0,80.0,normal
152.7,1.0,0.0,80.0,normal
538.63,1.0,0.0,80.0,normal
163.25,1.0,0.0,80.0,normal
157.62,1.0,0.0,80.0,normal
17.46,1.0,0.0,80.0,normal
292.91,35.78,0.0,80.0,normal
156.55,1.0,0.0,80.0,normal
189.27,1.0,0.0,80.0,normal
177.16,1.0,0.0,80.0,normal
18.96,57.55,0.0,80.0,normal
174.02,59.68,0.0,80.0,normal
94.03,110.14,0.0,80.0,gangguan
168.91,61.47,0.0,80.0,normal
142.49,1.0,0.0,80.0,normal
151.38,1.0,0.0,80.0,normal
16.74,1.0,0.0,80.0,normal
114.33,1.0,0.0,80.0,normal
140.55,1.0,0.0,80.0,normal
163.95,1.0,0.0,80.0,normal
187.31,1.0,0.0,80.0,normal
149.42,1.0,0.0,80.0,normal
411.82,1.0,0.0,80.0,normal
41.67,1.0,0.0,80.0,normal
112.66,89.61,0.0,80.0,gangguan
96.04,105.11,0.0,80.0,normal
66.16,152.06,100.0,80.0,gangguan
650.23,1.0,100.0,80.0,gangguan
66.2,151.95,100.0,80.0,gangguan
520.63,190.41,100.0,80.0,gangguan
650.83,1.0,100.0,80.0,gangguan
65.56,1.0,100.0,80.0,gangguan
65.8,1.0,100.0,80.0,gangguan
650.86,152.46,100.0,80.0,gangguan
65.76,1.0,100.0,80.0,gangguan
65.95,1.0,100.0,80.0,gangguan
651.8,1.0,100.0,80.0,gangguan
66.16,1.0,100.0,80.0,gangguan
651.68,1.0,100.0,80.0,gangguan
7.5,1.0,100.0,80.0,gangguan
69.89,1.0,100.0,80.0,gangguan
66.21,151.94,100.0,80.0,gangguan
66.57,1.0,100.0,80.0,gangguan
66.11,1.0,100.0,80.0,gangguan
66.23,1.0,100.0,80.0,gangguan
649.34,1.0,100.0,80.0,gangguan
65.93,1.0,100.0,80.0,gangguan
650.63,152.51,100.0,80.0,gangguan
531.87,1.0,100.0,80.0,gangguan
87.91,1.0,100.0,80.0,gangguan
65.82,1.0,100.0,80.0,gangguan
650.19,1.0,100.0,80.0,gangguan
650.83,1.0,100.0,80.0,gangguan
521.25,190.19,100.0,80.0,gangguan
9.09,1.0,100.0,80.0,gangguan
652.9,1.0,100.0,80.0,gangguan
7.5,1.0,100.0,80.0,gangguan
66.18,1.0,100.0,80.0,gangguan
66.2,1.0,100.0,80.0,gangguan
66.06,1.0,100.0,80.0,gangguan
65.6,1.0,100.0,80.0,gangguan
645.92,1.0,100.0,80.0,gangguan
647.13,153.33,100.0,80.0,gangguan
519.76,190.73,100.0,80.0,gangguan
84.35,1.0,100.0,80.0,gangguan
649.85,152.69,100.0,80.0,gangguan
53.06,1.0,100.0,80.0,gangguan
52.0,1.0,100.0,80.0,gangguan
510.48,1.0,100.0,80.0,gangguan
649.78,1.0,100.0,80.0,gangguan
653.89,1.0,100.0,80.0,gangguan
650.07,1.0,100.0,80.0,gangguan
64.56,1.0,100.0,80.0,gangguan
650.2,1.0,100.0,80.0,gangguan
527.21,1.0,100.0,80.0,gangguan
655.23,1.0,100.0,80.0,gangguan
66.06,1.0,100.0,80.0,gangguan
65.43,1.0,100.0,80.0,gangguan
521.41,190.13,100.0,80.0,gangguan
37.51,1.0,100.0,80.0,gangguan
651.55,152.3,100.0,80.0,gangguan
66.32,1.0,100.0,80.0,gangguan
652.3,152.12,100.0,80.0,gangguan
66.05,1.0,100.0,80.0,gangguan
66.18,1.0,100.0,80.0,gangguan
660.36,1.0,100.0,80.0,gangguan
7.46,1.0,100.0,80.0,gangguan
65.9,152.65,100.0,80.0,gangguan
88.43,113.57,100.0,80.0,gangguan
653.02,151.95,100.0,80.0,gangguan
654.58,151.6,100.0,80.0,gangguan
66.04,1.0,100.0,80.0,gangguan
66.04,1.0,100.0,80.0,gangguan
650.55,1.0,100.0,80.0,gangguan
65.99,1.0,100.0,80.0,gangguan
66.08,1.0,100.0,80.0,gangguan
66.62,150.99,100.0,80.0,gangguan
650.3,152.59,100.0,80.0,gangguan
7.53,151.68,100.0,80.0,gangguan
642.6,1.0,100.0,80.0,gangguan
87.86,1.0,100.0,80.0,gangguan
66.2,1.0,100.0,80.0,gangguan
639.53,155.15,100.0,80.0,gangguan
651.18,1.0,100.0,80.0,gangguan
650.79,152.47,100.0,80.0,gangguan
65.81,1.0,100.0,80.0,gangguan
65.71,1.0,100.0,80.0,gangguan
66.02,1.0,100.0,80.0,gangguan
66.17,152.03,100.0,80.0,gangguan
65.79,1.0,100.0,80.0,gangguan
87.92,1.0,100.0,80.0,gangguan
65.68,153.18,100.0,80.0,gangguan
651.99,1.0,100.0,80.0,gangguan
653.69,1.0,100.0,80.0,gangguan
65.82,1.0,100.0,80.0,gangguan
65.05,1.0,100.0,80.0,gangguan
66.43,1.0,100.0,80.0,gangguan
65.82,1.0,100.0,80.0,gangguan
648.2,153.08,100.0,80.0,gangguan
520.43,1.0,100.0,80.0,gangguan
526.67,188.24,100.0,80.0,gangguan
66.23,1.0,100.0,80.0,gangguan
66.28,1.0,100.0,80.0,gangguan
66.38,1.0,100.0,80.0,gangguan
65.66,1.0,100.0,80.0,gangguan
651.99,1.0,100.0,80.0,gangguan
652.63,1.0,100.0,80.0,gangguan
7.47,1.0,100.0,80.0,gangguan
64.29,1.0,100.0,80.0,gangguan
63.57,156.65,100.0,80.0,gangguan
64.82,1.0,100.0,80.0,gangguan
7.16,158.98,100.0,80.0,gangguan
634.55,154.72,100.0,80.0,gangguan
64.87,1.0,100.0,80.0,gangguan
63.98,1.0,100.0,80.0,gangguan
627.06,1.0,100.0,80.0,gangguan
63.94,1.0,100.0,80.0,gangguan
62.77,1.0,100.0,80.0,gangguan
40.5,122.98,100.0,82.99,gangguan
623.82,1.0,100.0,80.0,gangguan
624.24,1.0,100.0,80.0,gangguan
64.21,1.0,100.0,80.0,gangguan
64.08,1.0,100.0,80.0,gangguan
64.33,1.0,100.0,80.0,gangguan
13.27,1.0,100.0,80.01,gangguan
620.81,1.0,100.0,80.0,gangguan
503.02,186.74,100.0,80.0,gangguan
615.22,1.0,100.0,80.0,gangguan
50.25,1.0,100.0,80.0,gangguan
154.53,1.0,100.0,80.01,gangguan
85.68,111.12,100.0,80.01,gangguan
207.39,46.18,0.0,80.0,normal
130.11,1.0,100.0,80.01,gangguan
130.29,1.0,100.0,80.01,gangguan
616.04,1.0,100.0,80.0,gangguan
129.4,37.31,100.0,80.01,gangguan
50.26,19.93,100.0,80.0,gangguan
123.44,1.0,100.0,80.01,gangguan
65.01,145.06,0.0,80.0,gangguan
136.95,1.0,0.0,80.0,normal
151.09,62.44,0.0,80.0,normal
118.64,1.0,0.0,80.0,normal
620.39,149.87,100.0,80.0,gangguan
62.7,1.0,100.0,80.0,gangguan
151.75,62.17,0.0,80.0,normal
152.39,1.0,0.0,80.0,normal
159.54,1.0,0.0,80.0,normal
136.03,1.0,0.0,80.0,normal
67.06,140.59,0.0,80.0,normal
21.13,1.0,0.0,80.0,normal
14.56,1.0,0.0,80.0,normal
69.37,1.0,0.0,80.0,normal
17.93,1.0,0.0,80.0,normal
134.73,1.0,0.0,80.0,normal
157.47,1.0,0.0,80.0,normal
124.33,1.0,0.0,80.0,normal
621.5,1.0,100.0,80.0,gangguan
137.88,1.0,100.0,80.81,gangguan
475.04,1.0,100.0,80.0,gangguan
617.83,1.0,100.0,80.0,gangguan
62.99,146.42,100.0,80.0,gangguan
60.78,1.0,100.0,80.0,gangguan
109.9,1.0,100.0,80.0,gangguan
20.66,46.85,100.0,80.0,gangguan
55.95,1.0,100.0,80.0,gangguan
62.89,146.64,100.0,80.0,gangguan
686.61,1.0,0.0,80.0,normal
136.96,1.0,0.0,80.0,normal
138.33,1.0,0.0,80.0,normal
17.21,55.97,0.0,80.0,normal
13.24,1.0,0.0,80.0,normal
152.91,59.66,0.0,80.0,normal
10.93,1.0,0.0,80.0,normal
134.56,1.0,0.0,80.0,normal
155.35,1.0,0.0,80.0,normal
96.67,1.0,0.0,80.0,normal
101.63,1.0,0.0,80.0,normal
149.59,1.0,0.0,80.0,normal
86.21,1.0,100.0,92.83,gangguan
95.3,95.49,100.0,81.16,gangguan
102.13,1.0,0.0,80.0,normal
122.44,1.0,0.0,80.01,normal
112.14,81.17,0.0,80.0,normal
356.38,26.07,100.0,80.31,gangguan
2.64,1.0,0.0,80.01,normal
146.55,62.22,0.0,80.0,normal
115.73,78.66,0.0,80.0,normal
129.43,1.0,0.0,80.0,normal
16.03,1.0,0.0,80.0,normal
135.9,67.05,0.0,80.0,normal
34.45,27.64,100.0,80.0,gangguan
13.92,1.0,100.0,80.0,gangguan
591.39,1.0,100.0,80.0,gangguan
86.21,1.0,100.0,81.28,gangguan
150.27,60.69,0.0,80.0,normal
464.25,1.0,100.0,82.36,gangguan
73.15,1.0,0.0,80.0,normal
95.3,1.0,0.0,80.0,normal
96.59,1.0,0.0,80.0,normal
162.35,1.0,0.0,80.0,normal
138.19,65.95,0.0,80.0,normal
16.0,60.39,0.0,80.0,normal
36.79,1.0,100.0,83.06,gangguan
358.93,1.0,100.0,83.06,gangguan
202.99,1.0,100.0,85.41,gangguan
163.22,1.0,0.0,80.0,normal
69.0,1.0,0.0,80.0,normal
589.7,1.0,100.0,80.0,gangguan
86.33,1.0,100.0,92.81,gangguan
14.6,1.0,0.0,80.0,normal
154.53,1.0,0.0,80.0,normal
295.02,1.0,100.0,80.0,gangguan
126.71,1.0,0.0,80.0,normal
65.96,1.0,100.0,80.02,gangguan
163.78,55.74,0.0,80.0,normal
504.12,1.0,0.0,80.0,normal
506.89,1.0,100.0,82.16,gangguan
156.74,1.0,0.0,80.0,normal
18.1,1.0,0.0,80.0,normal
238.8,1.0,100.0,80.0,gangguan
15.84,1.0,0.0,80.0,normal
132.5,1.0,0.0,80.0,normal
15.16,1.0,0.0,80.0,normal
159.5,1.0,0.0,80.0,normal
164.4,1.0,0.0,80.0,normal
141.31,1.0,0.0,80.0,normal
11.48,86.01,0.0,80.0,gangguan
226.98,40.43,0.0,80.0,normal
108.93,1.0,0.0,80.0,normal
127.15,1.0,0.0,80.0,normal
45.55,1.0,0.0,80.0,normal
91.06,1.0,0.0,80.0,normal
156.81,1.0,0.0,80.0,normal
136.6,1.0,0.0,80.0,normal
130.48,1.0,0.0,80.0,normal
110.02,1.0,100.0,81.0,gangguan
110.01,82.74,100.0,81.0,gangguan
12.01,1.0,100.0,80.0,gangguan
62.03,1.0,100.0,80.0,gangguan
141.77,1.0,0.0,80.0,normal
6.88,152.44,100.0,80.0,gangguan
157.27,1.0,0.0,80.0,normal
152.13,1.0,0.0,80.0,normal
109.72,1.0,100.0,80.1,gangguan
124.29,1.0,0.0,80.0,normal
109.53,1.0,100.0,81.01,gangguan
93.88,1.0,0.0,80.0,normal
15.2,1.0,0.0,80.0,normal
260.15,1.0,0.0,80.0,normal
589.29,1.0,100.0,80.0,gangguan
60.1,1.0,100.0,80.0,gangguan
144.0,1.0,0.0,80.0,normal
159.45,1.0,0.0,80.0,normal
591.02,1.0,100.0,80.0,gangguan
164.85,1.0,0.0,80.0,normal
141.83,1.0,0.0,80.0,normal
151.82,1.0,0.0,80.0,normal
132.82,1.0,0.0,80.0,normal
1.68,131.11,100.0,80.0,gangguan
85.17,1.0,0.0,80.0,normal
128.86,1.0,0.0,80.0,normal
936.2,1.0,0.0,80.0,normal
588.33,1.0,100.0,80.0,gangguan
158.47,1.0,0.0,80.0,normal
151.29,1.0,100.0,87.28,gangguan
312.89,1.0,33.33,80.0,normal
100.84,44.58,33.33,80.0,normal
302.77,1.0,33.33,80.0,gangguan
107.89,28.14,100.0,81.0,gangguan
327.6,89.82,100.0,83.27,gangguan
98.52,1.0,33.33,80.0,normal
97.36,1.0,33.33,80.0,normal
132.87,34.0,33.33,80.0,normal
131.87,1.0,33.33,80.0,normal
131.86,1.0,33.33,80.0,normal
417.86,70.59,100.0,80.26,gangguan
33.11,1.0,33.33,80.0,normal
57.72,1.0,100.0,80.0,gangguan
58.25,1.0,100.0,80.0,gangguan
58.19,1.0,100.0,80.0,gangguan
58.04,1.0,100.0,80.0,gangguan
602.33,144.0,100.0,80.0,gangguan
568.68,1.0,100.0,80.0,gangguan
58.74,149.92,0.0,80.0,normal
44.71,1.0,100.0,80.0,gangguan
560.77,1.0,100.0,80.0,gangguan
56.4,1.0,100.0,80.0,gangguan
45.16,1.0,100.0,80.0,gangguan
553.7,1.0,100.0,80.0,gangguan
45.21,1.0,100.0,80.0,gangguan
56.54,152.11,100.0,80.0,gangguan
560.34,1.0,100.0,80.0,gangguan
44.52,1.0,100.0,80.0,gangguan
55.43,1.0,100.0,80.0,gangguan
9.54,1.0,100.0,81.16,gangguan
78.28,1.0,100.0,92.83,gangguan
346.78,1.0,100.0,82.87,gangguan
86.5,1.0,100.0,81.16,gangguan
100.02,82.61,100.0,81.0,gangguan
773.84,105.57,100.0,92.83,gangguan
52.08,1.0,100.0,80.0,gangguan
506.32,1.0,100.0,80.0,gangguan
502.31,1.0,100.0,80.0,gangguan
416.27,1.0,100.0,80.0,gangguan
42.09,190.12,100.0,80.0,gangguan
52.33,1.0,100.0,80.0,gangguan
52.8,151.0,100.0,80.0,gangguan
52.14,152.93,100.0,80.0,gangguan
52.2,1.0,100.0,80.0,gangguan
42.0,190.54,100.0,80.0,gangguan
52.49,1.0,100.0,80.0,gangguan
511.7,1.0,100.0,80.0,gangguan
514.0,152.47,100.0,80.0,gangguan
514.42,152.35,100.0,80.0,gangguan
518.63,1.0,100.0,80.0,gangguan
40.89,1.0,100.0,80.0,gangguan
510.67,153.46,100.0,80.0,gangguan
399.9,1.0,100.0,80.0,gangguan
515.48,1.0,100.0,80.0,gangguan
515.01,1.0,100.0,80.0,gangguan
513.64,1.0,100.0,80.0,gangguan
514.25,1.0,100.0,80.0,gangguan
521.28,1.0,100.0,80.0,gangguan
52.53,1.0,100.0,80.0,gangguan
52.37,1.0,100.0,80.0,gangguan
52.37,152.27,100.0,80.0,gangguan
51.86,1.0,100.0,80.0,gangguan
55.35,1.0,100.0,80.0,gangguan
289.39,1.0,100.0,80.0,gangguan
101.53,1.0,100.0,80.0,gangguan
52.3,1.0,100.0,80.0,gangguan
514.86,1.0,100.0,80.0,gangguan
69.53,1.0,100.0,80.0,gangguan
516.12,1.0,100.0,80.0,gangguan
515.89,151.91,100.0,80.0,gangguan
6.02,1.0,100.0,80.0,gangguan
517.2,151.53,100.0,80.0,gangguan
515.32,1.0,100.0,80.0,gangguan
516.71,151.67,100.0,80.0,gangguan
513.09,1.0,100.0,80.0,gangguan
52.42,1.0,100.0,80.0,gangguan
52.41,1.0,100.0,80.0,gangguan
52.3,1.0,100.0,80.0,gangguan
513.68,1.0,100.0,80.0,gangguan
512.85,1.0,100.0,80.0,gangguan
52.37,152.26,100.0,80.0,gangguan
513.89,1.0,100.0,80.0,gangguan
510.27,153.58,100.0,80.0,gangguan
631.51,1.0,100.0,80.0,gangguan
515.42,1.0,100.0,80.0,gangguan
515.59,1.0,100.0,80.0,gangguan
514.76,152.25,100.0,80.0,gangguan
52.39,1.0,100.0,80.0,gangguan
411.16,190.45,100.0,80.0,gangguan
52.22,1.0,100.0,80.0,gangguan
52.25,1.0,100.0,80.0,gangguan
52.26,152.6,100.0,80.0,gangguan
513.79,1.0,100.0,80.0,gangguan
512.09,1.0,100.0,80.0,gangguan
52.43,1.0,100.0,80.0,gangguan
691.34,1.0,100.0,80.0,gangguan
513.65,1.0,100.0,80.0,gangguan
513.04,1.0,100.0,80.0,gangguan
52.52,1.0,100.0,80.0,gangguan
52.77,1.0,100.0,80.0,gangguan
52.39,1.0,100.0,80.0,gangguan
52.35,1.0,100.0,80.0,gangguan
514.26,1.0,100.0,80.0,gangguan
42.55,188.0,100.0,80.0,gangguan
52.28,1.0,100.0,80.0,gangguan
51.66,1.0,100.0,80.0,gangguan
52.03,1.0,100.0,80.0,gangguan
52.3,152.47,100.0,80.0,gangguan
511.47,153.22,100.0,80.0,gangguan
516.98,151.6,100.0,80.0,gangguan
52.46,152.01,100.0,80.0,gangguan
515.45,1.0,100.0,80.0,gangguan
52.34,1.0,100.0,80.0,gangguan
52.43,1.0,100.0,80.0,gangguan
512.78,152.83,100.0,80.0,gangguan
52.2,152.78,100.0,80.0,gangguan
411.83,1.0,100.0,80.0,gangguan
514.6,1.0,100.0,80.0,gangguan
52.57,151.69,100.0,80.0,gangguan
515.59,1.0,100.0,80.0,gangguan
685.52,1.0,100.0,80.0,gangguan
687.24,114.23,100.0,80.0,gangguan
51.87,1.0,100.0,80.0,gangguan
52.2,152.77,100.0,80.0,gangguan
514.02,1.0,100.0,80.0,gangguan
515.63,1.0,100.0,80.0,gangguan
512.6,1.0,100.0,80.0,gangguan
512.9,1.0,100.0,80.0,gangguan
514.0,1.0,100.0,80.0,gangguan
52.48,1.0,100.0,80.0,gangguan
515.04,1.0,100.0,80.0,gangguan
51.64,1.0,100.0,80.0,gangguan
52.44,1.0,100.0,80.0,gangguan
52.41,1.0,100.0,80.0,gangguan
1.51,1.0,100.0,80.0,gangguan
514.43,152.34,100.0,80.0,gangguan
42.9,1.0,100.0,80.0,gangguan
100.86,1.0,0.0,80.0,normal
1.0,1.0,100.0,80.0,gangguan
50.35,156.36,100.0,80.0,gangguan
50.49,1.0,100.0,80.0,gangguan
50.88,1.0,100.0,80.0,gangguan
51.33,1.0,100.0,80.0,gangguan
503.64,1.0,100.0,80.0,gangguan
49.6,1.0,100.0,80.0,gangguan
50.24,1.0,100.0,80.0,gangguan
499.5,1.0,100.0,80.0,gangguan
49.65,158.58,100.0,80.0,gangguan
5.96,1.0,100.0,80.0,gangguan
495.58,1.0,100.0,80.0,gangguan
49.51,154.79,100.0,80.0,gangguan
50.46,151.81,100.0,80.0,gangguan
489.07,1.0,100.0,80.0,gangguan
496.51,1.0,100.0,80.0,gangguan
5.82,1.0,100.0,80.0,gangguan
39.33,1.0,100.0,80.0,gangguan
325.17,1.0,100.0,80.03,gangguan
40.03,186.8,100.0,80.0,gangguan
479.31,1.0,100.0,80.0,gangguan
39.32,190.28,100.0,80.0,gangguan
48.78,152.78,100.0,80.0,gangguan
66.81,111.2,100.0,80.0,gangguan
483.45,1.0,100.0,80.0,gangguan
49.13,149.54,100.0,80.0,gangguan
48.72,1.0,100.0,80.0,gangguan
48.69,1.0,100.0,80.0,gangguan
16.29,1.0,100.0,80.0,gangguan
83.83,1.0,100.0,80.0,gangguan
37.53,1.0,100.0,80.0,gangguan
48.53,1.0,100.0,80.0,gangguan
452.19,152.56,100.0,80.0,gangguan
37.14,1.0,100.0,80.0,gangguan
452.81,1.0,100.0,80.0,gangguan
46.14,152.5,100.0,80.0,gangguan
454.52,1.0,100.0,80.0,gangguan
46.22,1.0,100.0,80.0,gangguan
46.27,152.03,100.0,80.0,gangguan
469.41,1.0,100.0,80.0,gangguan
9.8,1.0,100.0,80.0,gangguan
435.31,1.0,100.0,80.0,gangguan
86.98,1.0,100.0,80.01,gangguan
452.69,1.0,100.0,80.0,gangguan
12.46,1.0,100.0,80.01,gangguan
457.51,1.0,100.0,80.0,gangguan
432.23,1.0,100.0,80.0,gangguan
44.41,1.0,100.0,80.0,gangguan
288.53,1.0,100.0,80.0,gangguan
91.84,1.0,100.0,80.01,gangguan
175.73,1.0,100.0,80.0,gangguan
44.05,1.0,100.0,80.0,gangguan
289.29,114.21,100.0,80.0,gangguan
434.19,1.0,100.0,80.0,gangguan
432.62,1.0,100.0,80.0,gangguan
103.61,1.0,100.0,80.77,gangguan
62.43,105.57,100.0,92.83,gangguan
26.8,1.0,100.0,83.06,gangguan
42.66,1.0,100.0,80.0,gangguan
333.37,1.0,100.0,80.0,gangguan
34.24,20.01,100.0,80.0,gangguan
408.16,1.0,100.0,80.0,gangguan
43.06,1.0,100.0,80.0,gangguan
422.23,1.0,100.0,80.0,gangguan
42.62,152.86,100.0,80.0,gangguan
328.86,20.28,100.0,80.0,gangguan
418.2,1.0,100.0,80.0,gangguan
42.83,1.0,100.0,80.0,gangguan
165.06,38.89,100.0,80.0,gangguan
34.42,1.0,100.0,80.02,gangguan
31.66,203.74,100.0,80.25,gangguan
111.8,1.0,100.0,80.69,gangguan
57.42,111.18,100.0,80.01,gangguan
164.74,1.0,100.0,80.0,gangguan
140.68,1.0,100.0,85.46,gangguan
198.3,1.0,100.0,80.0,gangguan
164.2,1.0,100.0,80.0,gangguan
40.52,16.73,100.0,80.0,gangguan
47.05,1.0,100.0,96.57,gangguan
60.55,105.39,100.0,80.13,gangguan
35.32,1.0,100.0,80.22,gangguan
87.14,1.0,100.0,80.01,gangguan
60.45,1.0,100.0,92.83,gangguan
52.01,1.0,100.0,80.01,gangguan
260.47,23.36,100.0,80.03,gangguan
260.42,23.36,100.0,80.0,gangguan
53.66,1.0,100.0,80.01,gangguan
185.3,1.0,100.0,80.0,gangguan
65.83,82.5,100.0,81.0,gangguan
64.62,1.0,100.0,81.02,gangguan
199.85,1.0,100.0,80.0,gangguan
204.45,1.0,100.0,83.19,gangguan
14.86,1.0,100.0,80.0,gangguan
2.27,1.0,100.0,80.0,gangguan
574.9,1.0,100.0,80.01,gangguan
116.04,1.0,100.0,80.0,gangguan
605.1,1.0,100.0,80.01,gangguan
603.59,73.21,100.0,80.01,gangguan
150.27,1.0,100.0,80.36,gangguan
48.45,1.0,100.0,80.0,gangguan
61.33,1.0,100.0,80.01,gangguan
59.76,1.0,100.0,80.01,gangguan
534.62,82.55,100.0,81.0,gangguan
58.39,76.82,100.0,80.01,gangguan
