protocol;start_time;end_time;duration_seconds;total_packets;forward_packets;backward_packets;is_bidirectional;forward_backward_ratio;total_bytes;forward_bytes;backward_bytes;total_payload_bytes;forward_payload_bytes;backward_payload_bytes;packets_per_second;bytes_per_second;min_packet_size;max_packet_size;avg_packet_size;avg_inter_arrival_ms;min_inter_arrival_ms;max_inter_arrival_ms;tcp_flags;syn_count;fin_count;rst_count;ack_count;connection_state
UDP;2026-04-20 10:54:52.089435;2026-04-20 11:07:56.606804;784.517.369;19558;19558;0;FALSE;inf;24501904;24501904;0;23836932;23836932;0;249.299.770.442.686;312.318.183.996.765;64;1514;12.527.816.750.178.900;4.011.440.246.459.060;0.0;992.81;;0;0;0;0;Unknown
UDP;2026-04-20 10:54:52.088979;2026-04-20 11:07:56.608029;78.451.905;19480;19480;0;FALSE;inf;1485672;1485672;0;823352;823352;0;24.830.499.654.533.500;1.893.736.041.208.940;64;412;762.665.297.741.273;40.275.119.359.310.000;0.028;989.804;;0;0;0;0;Unknown
UDP;2026-04-20 10:54:52.158613;2026-04-20 11:07:56.620279;784.461.666;1570;1570;0;FALSE;inf;536940;536940;0;483560;483560;0;20.013.724.928.147.000;6.844.693.925.426.300;342;342;342.0;49.997.556.787.762.900;35.194.399.999.999.900;645.58;;0;0;0;0;Unknown
TCP;2026-04-20 10:55:14.518272;2026-04-20 11:07:54.156312;75.963.804;277;132;145;TRUE;0.9103448275862069;62010;51872;10138;52592;47384;5208;0.36464735231005546;8.163.098.309.294.770;54;1446;22.386.281.588.447.600;2.752.311.739.130.430;0.0;45.011.459;A,PA;0;0;0;277;Ongoing
UDP;2026-04-20 10:54:51.947340;2026-04-20 11:07:53.123941;781.176.601;255;119;136;TRUE;0.875;51568;23443;28125;42898;19397;23501;0.3264306683963259;6.601.324.199.161.460;63;1292;20.222.745.098.039.200;30.754.984.291.338.500;0.0;15.007.396.999.999.900;;0;0;0;0;Unknown
TCP;2026-04-20 10:55:16.941312;2026-04-20 11:02:13.048989;416.107.677;114;53;61;TRUE;0.8688524590163934;49190;6079;43111;45314;4277;41037;0.2739675480680929;11.821.459.376.727.600;54;1454;43.149.122.807.017.500;36.823.688.230.088.400;0.0;45.015.428;A,FA,PA;0;2;0;114;Ongoing
TCP;2026-04-20 11:01:28.172713;2026-04-20 11:07:46.795867;378.623.154;117;51;66;TRUE;0.7727272727272727;47769;31813;15956;43791;30079;13712;0.3090143821473739;12.616.502.581.878.500;54;1466;40.828.205.128.205.100;32.639.927.068.965.500;0.0;13.310.527.099.999.900;A,FA,PA,S,SA;1;2;0;116;Closed
UDP;2026-04-20 11:04:39.952556;2026-04-20 11:05:02.358962;22.406.406;89;49;40;TRUE;1.225;46684;20660;26024;43658;18994;24664;39.720.783.422.383.700;20.835.112.958.320.900;66;1292;5.245.393.258.426.960;25.461.825;0.0;14.687.457.999.999.900;;0;0;0;0;Unknown
UDP;2026-04-20 10:57:18.116479;2026-04-20 10:57:41.162399;2.304.592;78;43;35;TRUE;12.285.714.285.714.200;45371;20982;24389;42719;19520;23199;33.845.470.261.113.400;19.687.215.784.833.000;65;1292;5.816.794.871.794.870;29.929.766.233.766.200;0.0;8.297.397;;0;0;0;0;Unknown
UDP;2026-04-20 11:03:17.985949;2026-04-20 11:03:41.037664;23.051.715;78;43;35;TRUE;12.285.714.285.714.200;45208;20776;24432;42556;19314;23242;33.836.961.805.227.900;19.611.556.016.548.000;65;1292;5.795.897.435.897.430;29.937.292.207.792.200;0.0;9.359.205;;0;0;0;0;Unknown
TCP;2026-04-20 10:55:03.119410;2026-04-20 11:07:46.158781;763.039.371;312;133;179;TRUE;0.7430167597765364;42530;13968;28562;31922;9446;22476;0.40889108984128686;5.573.762.195.817.280;54;1446;13.631.410.256.410.200;2.453.502.800.643.080;0.0;44.957.058.000.000.000;A,PA;0;0;0;312;Ongoing
TCP;2026-04-20 10:55:30.247344;2026-04-20 10:57:52.033719;141.786.375;54;35;19;TRUE;18.421.052.631.578.900;40547;37386;3161;38711;36196;2515;0.38085464841032857;2.859.724.709.091.400;54;1466;7.508.703.703.703.700;26.752.146.226.415.000;0.0;141440.96;A,FA,PA,S,SA;1;2;0;53;Closed
UDP;2026-04-20 10:58:45.153689;2026-04-20 10:59:08.199626;23.045.937;58;35;23;TRUE;15.217.391.304.347.800;38264;21259;17005;36292;20069;16223;25.167.125.988.411.700;1.660.336.049.690.660;64;1292;6.597.241.379.310.340;4.043.146.842.105.260;0.0;6.840.888;;0;0;0;0;Unknown
UDP;2026-04-20 10:55:30.941376;2026-04-20 10:55:55.299293;24.357.917;59;24;35;TRUE;0.6857142857142857;37962;15208;22754;35956;14392;21564;2.422.210.404.937.330;15.585.076.507.157.800;64;1292;6.434.237.288.135.590;4.199.640.862.068.960;0.0;9.318.713.000.000.000;;0;0;0;0;Unknown
TCP;2026-04-20 10:55:34.960763;2026-04-20 11:05:55.332059;620.371.296;54;35;19;TRUE;18.421.052.631.578.900;35666;28952;6714;33830;27762;6068;0.08704464624359409;574.913.769.060.005;54;1466;6.604.814.814.814.810;1.170.511.879.245.280;0.0;36.100.347.699.999.900;A,FA,FPA,PA,RA,S,SA;1;8;1;53;Closed
UDP;2026-04-20 11:04:37.941663;2026-04-20 11:05:00.417199;22.475.536;92;54;38;TRUE;14.210.526.315.789.400;35656;23763;11893;32528;21927;10601;4.093.339.531.479.910;15.864.360.253.744.300;65;1292;3.875.652.173.913.040;2.469.839.120.879.120;0.0;8.456.600.999.999.990;;0;0;0;0;Unknown
UDP;2026-04-20 10:58:45.147976;2026-04-20 10:59:14.983165;29.835.189;61;38;23;TRUE;16.521.739.130.434.700;34789;21846;12943;32715;20554;12161;2.044.565.563.167.700;11.660.392.029.023.100;66;1292;570.311.475.409.836;49.725.315.000.000.000;0.0;18.663.976.000.000.000;;0;0;0;0;Unknown
UDP;2026-04-20 11:04:49.951649;2026-04-20 11:05:12.999371;23.047.722;51;33;18;TRUE;18.333.333.333.333.300;34495;22732;11763;32761;21610;11151;22.128.000.329.056.300;14.966.771.987.270.500;65;1292;6.763.725.490.196.070;46.095.444.000.000.000;0.0;9.216.060.000.000.000;;0;0;0;0;Unknown
UDP;2026-04-20 10:54:57.950769;2026-04-20 10:55:21.002620;23.051.851;48;19;29;TRUE;0.6551724137931034;34336;14276;20060;32704;13630;19074;20.822.622.877.442.600;14.895.116.231.664;65;1292;7.153.333.333.333.330;49.046.491.489.361.700;0.0;9.805.820.000.000.000;;0;0;0;0;Unknown
UDP;2026-04-20 11:00:36.427077;2026-04-20 11:01:36.863801;60.436.724;92;54;38;TRUE;14.210.526.315.789.400;34271;22406;11865;31143;20570;10573;15.222.532.578.039.800;5.670.558.847.630.450;65;1292;3.725.108.695.652.170;6.641.398.241.758.240;0.0;24386.61;;0;0;0;0;Unknown
UDP;2026-04-20 10:57:18.083132;2026-04-20 10:57:35.896935;17.813.803;83;34;49;TRUE;0.6938775510204082;33701;10950;22751;30879;9794;21085;4.659.308.290.318.460;18.918.475.746.026.800;65;1292;40.603.614.457.831.300;2.172.415;0.0;62.900.070.000.000.000;;0;0;0;0;Unknown
UDP;2026-04-20 10:57:35.874076;2026-04-20 10:57:58.900155;23.026.079;43;14;29;TRUE;0.4827586206896552;33157;10554;22603;31695;10078;21617;18.674.477.751.943.700;14.399.759.507.469.700;63;1292;7.710.930.232.558.130;5.482.399.761.904.760;0.0;10.243.184;;0;0;0;0;Unknown
UDP;2026-04-20 11:04:59.945771;2026-04-20 11:05:22.994494;23.048.723;47;29;18;TRUE;16.111.111.111.111.100;33081;20058;13023;31483;19072;12411;20.391.585.251.816.300;1.435.263.897.266.670;65;1292;7.038.510.638.297.870;50.105.919.565.217.300;0.0;8.670.044;;0;0;0;0;Unknown
UDP;2026-04-20 11:06:24.669209;2026-04-20 11:06:42.736263;18.067.054;81;33;48;TRUE;0.6875;32386;10806;21580;29632;9684;19948;4.483.298.715.994.310;17.925.445.952.616.200;65;1292;39.982.716.049.382.700;225.838.175;0.0;4.394.242;;0;0;0;0;Unknown
UDP;2026-04-20 10:55:16.051380;2026-04-20 10:55:39.102872;23.051.492;45;28;17;TRUE;16.470.588.235.294.100;32109;19071;13038;30579;18119;12460;1.952.151.296.757.710;13.929.250.219.465.100;64;1292;7.135.333.333.333.330;5.238.975.454.545.450;0.0;9421.09;;0;0;0;0;Unknown
TCP;2026-04-20 10:55:02.922605;2026-04-20 11:04:44.265746;581.343.141;101;55;46;TRUE;11.956.521.739.130.400;31922;9467;22455;28488;7597;20891;0.17373560101915783;54.910.770.848.847.000;54;1454;31.605.940.594.059.400;5.813.431.409.999.990;0.0;45.015.916;A,FA,PA;0;2;0;101;Ongoing
TCP;2026-04-20 11:03:53.392845;2026-04-20 11:07:46.795582;233.402.737;80;35;45;TRUE;0.7777777777777778;30944;20605;10339;28224;19415;8809;0.34275519228379914;1.325.777.083.753.730;54;1466;386.8;29.544.650.253.164.500;0.0;14.661.185.499.999.900;A,FA,PA,S,SA;1;2;0;79;Closed
UDP;2026-04-20 10:55:00.140411;2026-04-20 10:55:08.614093;8.473.682;49;38;11;TRUE;34.545.454.545.454.500;30914;23361;7553;29248;22069;7179;5.782.610.204.159.180;3.648.236.976.558.710;76;1292;6.308.979.591.836.730;17.653.504.166.666.600;0.0;4.196.367;;0;0;0;0;Unknown
UDP;2026-04-20 11:04:44.398173;2026-04-20 11:05:07.450530;23.052.357;60;21;39;TRUE;0.5384615384615384;30783;7350;23433;28743;6636;22107;26.027.707.275.225.600;13.353.515.217.554.500;64;1292;513.05;3.907.179.152.542.370;0.0;10.407.867;;0;0;0;0;Unknown
UDP;2026-04-20 11:01:11.957765;2026-04-20 11:01:35.010994;23.053.229;59;21;38;TRUE;0.5526315789473685;30732;7347;23385;28726;6633;22093;25.592.944.051.351.700;13.330.887.399.765.100;64;1292;5.208.813.559.322.030;39.746.946.551.724.100;0.0;10.645.954;;0;0;0;0;Unknown
UDP;2026-04-20 10:57:40.505552;2026-04-20 10:58:03.557221;23.051.669;59;21;38;TRUE;0.5526315789473685;30716;7348;23368;28710;6634;22076;2.559.467.602.974.860;13.324.848.625.928.100;64;1292;5.206.101.694.915.250;3.974.425.689.655.170;0.0;10524.45;;0;0;0;0;Unknown
UDP;2026-04-20 11:05:00.393627;2026-04-20 11:05:09.951684;9.558.057;54;41;13;TRUE;31.538.461.538.461.500;29894;22220;7674;28058;20826;7232;5.649.683.821.722.340;3.127.623.114.195.690;74;1292;5.535.925.925.925.920;18.034.069.811.320.700;0.0;4.748.361;;0;0;0;0;Unknown
UDP;2026-04-20 11:00:44.951022;2026-04-20 11:01:20.041409;35.090.387;67;27;40;TRUE;0.675;29532;11284;18248;27254;10366;16888;19.093.548.327.067.400;8.415.980.137.238.150;64;1292;4.407.761.194.029.850;5.316.725.303.030.300;0.0;8.909.302;;0;0;0;0;Unknown
UDP;2026-04-20 11:02:18.063586;2026-04-20 11:02:41.113697;23.050.111;42;26;16;TRUE;1.625;29451;16009;13442;28023;15125;12898;18.221.170.388.290.100;12.776.944.978.703.100;65;1292;7.012.142.857.142.850;5.621.978.292.682.920;0.0;9.570.946;;0;0;0;0;Unknown
UDP;2026-04-20 10:59:14.948836;2026-04-20 10:59:50.002810;35.053.974;60;23;37;TRUE;0.6216216216216216;28877;10981;17896;26837;10199;16638;17.116.461.602.898.400;8.237.867.695.114.960;64;1292;48.128.333.333.333.300;5.941.351.525.423.720;0.0;8.957.113;;0;0;0;0;Unknown
UDP;2026-04-20 10:55:46.662333;2026-04-20 10:56:15.834587;29.172.254;36;24;12;TRUE;2.0;28854;19212;9642;27630;18396;9234;1.234.049.312.747.650;9.890.905.241.672.440;67;1292;801.5;8.334.929.714.285.710;0.0;8.819.496;;0;0;0;0;Unknown
UDP;2026-04-20 11:03:07.608297;2026-04-20 11:03:21.552380;13.944.083;57;38;19;TRUE;2.0;28816;21009;7807;26878;19717;7161;4.087.755.358.312.190;20.665.396.211.425.300;65;1292;5.055.438.596.491.220;24.900.148.214.285.700;0.0;3.543.772;;0;0;0;0;Unknown
UDP;2026-04-20 10:55:23.973463;2026-04-20 10:55:47.606930;23.633.467;40;22;18;TRUE;12.222.222.222.222.200;28593;11899;16694;27233;11151;16082;16.925.151.100.344.200;12.098.521.135.303.500;64;1292;714.825;6.059.863.333.333.330;0.0;8.476.536;;0;0;0;0;Unknown
UDP;2026-04-20 11:07:12.326775;2026-04-20 11:07:30.824165;1.849.739;45;12;33;TRUE;0.36363636363636365;28414;8375;20039;26884;7967;18917;24.327.756.510.513.100;15.361.086.077.549.300;66;1292;6.314.222.222.222.220;42.039.522.727.272.700;0.0;8.635.927;;0;0;0;0;Unknown
UDP;2026-04-20 11:05:36.117879;2026-04-20 11:05:59.169133;23.051.254;44;14;30;TRUE;0.4666666666666667;27864;6638;21226;26368;6162;20206;19.087.898.645.340.500;1.208.784.563.304.010;64;1292;6.332.727.272.727.270;5.360.756.744.186.040;0.0;10.105.473;;0;0;0;0;Unknown
UDP;2026-04-20 10:57:58.952118;2026-04-20 10:58:28.109528;2.915.741;36;24;12;TRUE;2.0;27770;19261;8509;26546;18445;8101;12.346.775.656.685.500;9.524.165.555.171.050;67;1292;7.713.888.888.888.880;8.330.688.571.428.570;0.0;9.263.273;;0;0;0;0;Unknown
UDP;2026-04-20 10:55:16.676545;2026-04-20 10:55:45.843719;29.167.174;36;24;12;TRUE;2.0;27731;19226;8505;26507;18410;8097;12.342.642.451.407.800;9.507.606.050.555.320;67;1292;7.703.055.555.555.550;8.333.478.285.714.280;0.0;9.577.576.000.000.000;;0;0;0;0;Unknown
UDP;2026-04-20 11:02:18.036066;2026-04-20 11:02:33.013041;14.976.975;57;37;20;TRUE;1.85;27653;19795;7858;25715;18537;7178;380.584.196.741.999;18.463.675.074.572.800;66;1292;485.140.350.877.193;26.744.598.214.285.700;0.0;5689.93;;0;0;0;0;Unknown
UDP;2026-04-20 10:56:17.444738;2026-04-20 10:56:46.616032;29.171.294;35;23;12;TRUE;19.166.666.666.666.600;27537;17885;9652;26347;17103;9244;1.199.809.648.485.250;9.439.759.511.525.260;67;1292;7.867.714.285.714.280;8.579.792.352.941.170;0.0;9.351.169;;0;0;0;0;Unknown
UDP;2026-04-20 11:06:40.944625;2026-04-20 11:07:03.995091;23.050.466;58;23;35;TRUE;0.6571428571428571;27427;9814;17613;25455;9032;16423;25.162.181.102.976.300;11.898.674.846.747.100;65;1292;47.287.931.034.482.700;4.043.941.403.508.770;0.0;9996.25;;0;0;0;0;Unknown
UDP;2026-04-20 11:04:37.960761;2026-04-20 11:05:01.012656;23.051.895;58;22;36;TRUE;0.6111111111111112;27222;9663;17559;25250;8915;16335;2.516.062.128.514.810;11.809.007.459.039.700;64;1292;4.693.448.275.862.060;4.044.192.105.263.150;0.0;77.485.160.000.000.000;;0;0;0;0;Unknown
UDP;2026-04-20 10:56:18.077371;2026-04-20 10:56:41.130527;23.053.156;41;26;15;TRUE;17.333.333.333.333.300;27018;14851;12167;25624;13967;11657;17.784.983.539.780.800;11.719.870.372.629.200;65;1292;6.589.756.097.560.970;5.763.289;0.0;9.303.286.999.999.990;;0;0;0;0;Unknown
Unknown;2026-04-20 10:54:56.103092;2026-04-20 11:07:54.951869;778.848.777;314;314;0;FALSE;inf;27004;27004;0;0;0;0;0.40315913598719044;3.467.168.569.489.830;86;86;86.0;2.488.334.750.798.720;50.624.899.999.999.900;10.239.253;;0;0;0;0;Unknown
TCP;2026-04-20 11:03:17.167618;2026-04-20 11:04:20.200284;63.032.666;47;26;21;TRUE;12.380.952.380.952.300;27000;19190;7810;25402;18306;7096;0.7456451231175911;42.834.932.604.627.500;54;1514;574.468.085.106.383;1.370.275.347.826.080;0.0;62.267.808.000.000.000;A,PA,RA,S,SA;1;0;1;46;Reset
UDP;2026-04-20 10:58:12.947451;2026-04-20 10:58:23.492853;10.545.402;40;11;29;TRUE;0.3793103448275862;26652;9503;17149;25292;9129;16163;3.793.122.348.488.940;25.273.574.207.981.800;66;1292;666.3;2.703.949.230.769.230;0.0;4.718.282.999.999.990;;0;0;0;0;Unknown
UDP;2026-04-20 10:58:55.952005;2026-04-20 10:59:19.000900;23.048.895;51;20;31;TRUE;0.6451612903225806;25997;11333;14664;24263;10653;13610;221.268.741.950.536;1.127.906.565.585.890;63;1292;5.097.450.980.392.150;46.097.790.000.000.000;0.0;8.521.426;;0;0;0;0;Unknown
UDP;2026-04-20 11:06:24.691902;2026-04-20 11:06:49.963404;25.271.502;42;15;27;TRUE;0.5555555555555556;25535;8809;16726;24107;8299;15808;1.661.951.078.333.210;10.104.266.853.628.200;66;1292;6.079.761.904.761.900;6.163.780.975.609.750;0.0;10.198.162;;0;0;0;0;Unknown
UDP;2026-04-20 10:56:24.737979;2026-04-20 10:56:49.994211;25.256.232;42;15;27;TRUE;0.5555555555555556;25493;8810;16683;24065;8300;15765;16.629.558.993.598.000;10.093.746.367.233.200;64;1292;6.069.761.904.761.900;6.160.056.585.365.850;0.0;11501.73;;0;0;0;0;Unknown
UDP;2026-04-20 11:01:12.158379;2026-04-20 11:01:22.739410;10.581.031;48;9;39;TRUE;0.23076923076923078;25358;5246;20112;23726;4940;18786;4.536.419.938.661.930;23.965.528.500.956.000;65;1292;5.282.916.666.666.660;22.512.831.914.893.600;0.0;5.265.191;;0;0;0;0;Unknown
UDP;2026-04-20 11:01:12.420296;2026-04-20 11:01:35.471460;23.051.164;27;14;13;TRUE;10.769.230.769.230.700;25340;16397;8943;24422;15921;8501;11.713.074.446.045.300;10.992.937.276.399.500;82;1292;9.385.185.185.185.180;8.865.832.307.692.300;0.059;10.523.121;;0;0;0;0;Unknown
UDP;2026-04-20 11:02:37.038147;2026-04-20 11:03:08.014632;30.976.485;56;21;35;TRUE;0.6;25150;8829;16321;23246;8115;15131;18.078.229.340.740.200;811.906.192.713.602;64;1292;44.910.714.285.714.200;5.632.088.181.818.180;0.0;8.968.026;;0;0;0;0;Unknown
UDP;2026-04-20 11:02:11.640648;2026-04-20 11:02:34.694713;23.054.065;38;13;25;TRUE;0.52;24983;8574;16409;23691;8132;15559;16.482.993.346.292.700;10.836.700.599.221.800;64;1292;6.574.473.684.210.520;6.230.828.378.378.370;0.0;10.936.719.000.000.000;;0;0;0;0;Unknown
UDP;2026-04-20 11:07:19.934508;2026-04-20 11:07:42.982834;23.048.326;36;12;24;TRUE;0.5;24892;8508;16384;23668;8100;15568;15.619.355.609.600.400;10.799.916.662.060.400;66;1292;6.914.444.444.444.440;6.585.235.999.999.990;0.0;9.924.669;;0;0;0;0;Unknown
UDP;2026-04-20 10:55:14.985460;2026-04-20 10:55:38.036903;23.051.443;36;12;24;TRUE;0.5;24883;8497;16386;23659;8089;15570;15.617.243.571.259.200;10.794.551.993.990.100;66;1292;6.911.944.444.444.440;6.586.126.571.428.570;0.0;10.216.142;;0;0;0;0;Unknown
UDP;2026-04-20 10:57:19.983296;2026-04-20 10:57:43.033789;23.050.493;36;12;24;TRUE;0.5;24828;8502;16326;23604;8094;15510;15.617.887.218.290.700;10.771.136.218.214.500;66;1292;6.896.666.666.666.660;6.585.855.142.857.140;0.0;10.285.475.999.999.900;;0;0;0;0;Unknown
UDP;2026-04-20 10:59:36.146403;2026-04-20 10:59:59.197143;2.305.074;30;8;22;TRUE;0.36363636363636365;24727;5600;19127;23707;5328;18379;13.014.766.554.132.300;10.727.204.419.467.600;65;1292;8.242.333.333.333.330;7.948.531.034.482.750;0.0;10.176.192.000.000.000;;0;0;0;0;Unknown
UDP;2026-04-20 10:54:52.315297;2026-04-20 10:55:15.367106;23.051.809;48;18;30;TRUE;0.6;24657;10104;14553;23025;9492;13533;2.082.266.081.590.380;10.696.340.577.869.600;63;1292;5.136.875;49.046.402.127.659.500;0.0;9.105.122;;0;0;0;0;Unknown
UDP;2026-04-20 11:02:32.947342;2026-04-20 11:02:56.002540;23.055.198;26;14;12;TRUE;11.666.666.666.666.600;24524;16405;8119;23640;15929;7711;11.277.283.326.736.100;1.063.708.062.711.060;82;1292;9.432.307.692.307.690;9.222.079.199.999.990;0.062;11.357.590.999.999.900;;0;0;0;0;Unknown
UDP;2026-04-20 10:54:51.941278;2026-04-20 10:56:24.736562;92.795.284;115;53;62;TRUE;0.8548387096774194;24179;9465;14714;20269;7663;12606;12.392.871.172.203.100;260.562.810.497.999;66;353;2.102.521.739.130.430;8.139.937.192.982.450;0.0;24.333.091;;0;0;0;0;Unknown
TCP;2026-04-20 10:57:11.702517;2026-04-20 10:59:16.276291;124.573.774;32;15;17;TRUE;0.8823529411764706;23985;6612;17373;22897;6102;16795;0.2568758974902695;19.253.651.254.075.300;54;1514;74.953.125;40.185.088.387.096.700;0.0;12.426.191.900.000.000;A,PA,RA,S,SA;1;0;1;31;Reset
UDP;2026-04-20 11:03:07.628885;2026-04-20 11:03:30.677544;23.048.659;43;27;16;TRUE;16.875;23969;14278;9691;22507;13360;9147;18.656.182.990.949.700;10.399.303.490.931.900;63;1292;5.574.186.046.511.620;5.487.775.952.380.950;0.0;8.507.683;;0;0;0;0;Unknown
UDP;2026-04-20 10:57:40.695212;2026-04-20 10:57:50.871284;10.176.072;48;9;39;TRUE;0.23076923076923078;23940;5245;18695;22308;4939;17369;4.716.947.757.445.110;235.257.769.402.575;65;1292;498.75;21.651.217.021.276.500;0.0;5.058.461;;0;0;0;0;Unknown
UDP;2026-04-20 11:07:12.377270;2026-04-20 11:07:35.426007;23.048.737;40;26;14;TRUE;18.571.428.571.428.500;23715;14172;9543;22355;13288;9067;17.354.530.098.547.200;1.028.906.703.217.620;63;1292;592.875;5.909.932.564.102.560;0.0;9.291.025;;0;0;0;0;Unknown
UDP;2026-04-20 11:04:44.543631;2026-04-20 11:04:53.174773;8.631.142;45;9;36;TRUE;0.25;22741;5243;17498;21211;4937;16274;5.213.678.560.728.110;26.347.614.255.448.400;65;1292;50.535.555.555.555.500;19.616.231.818.181.800;0.0;4.291.822;;0;0;0;0;Unknown
TCP;2026-04-20 10:55:01.936418;2026-04-20 11:07:42.206537;760.270.119;148;90;58;TRUE;15.517.241.379.310.300;22182;9055;13127;17150;5995;11155;0.19466765337912748;29.176.472.211.187.800;54;1478;1.498.783.783.783.780;5.171.905.571.428.570;0.0;20072.06;A,PA,S,SA;1;0;0;147;Established
TCP;2026-04-20 10:54:59.931513;2026-04-20 11:07:40.191952;760.260.439;143;85;58;TRUE;14.655.172.413.793.100;21918;8755;13163;17056;5865;11191;0.18809343833291317;28.829.594.275.390.100;54;1478;15.327.272.727.272.700;5.353.946.753.521.120;0.0;20.047.536;A,PA,S,SA;1;0;0;142;Established
UDP;2026-04-20 11:01:16.519618;2026-04-20 11:01:41.640153;25.120.535;35;11;24;TRUE;0.4583333333333333;21694;6521;15173;20504;6147;14357;1.393.282.428.101.150;863.596.257.006.469;64;1292;6.198.285.714.285.710;7.388.392.647.058.820;0.0;10497.69;;0;0;0;0;Unknown
UDP;2026-04-20 10:58:30.983255;2026-04-20 10:58:54.720858;23.737.603;33;20;13;TRUE;15.384.615.384.615.300;21329;10862;10467;20207;10182;10025;13.901.993.389.981.200;8.985.321.727.724.570;63;1292;6.463.333.333.333.330;74.180.009.375;0.0;10.306.361;;0;0;0;0;Unknown
TCP;2026-04-20 11:07:46.817839;2026-04-20 11:07:56.623371;9.805.532;50;28;22;TRUE;12.727.272.727.272.700;21238;6875;14363;19538;5923;13615;5.099.162.391.188.970;21.659.202.172.814.200;54;1466;424.76;2.001.128.979.591.830;0.0;38.088.410.000.000.000;A,PA,S,SA;1;0;0;49;Established
UDP;2026-04-20 10:55:17.986706;2026-04-20 10:55:41.745131;23.758.425;33;20;13;TRUE;15.384.615.384.615.300;20895;10889;10006;19773;10209;9564;13.889.809.614.905.000;8.794.774.906.164.860;64;1292;6.331.818.181.818.180;74.245.078.125;0.0;11262.83;;0;0;0;0;Unknown
UDP;2026-04-20 10:55:55.278168;2026-04-20 10:56:19.012226;23.734.058;32;20;12;TRUE;16.666.666.666.666.600;20753;13007;7746;19665;12327;7338;13.482.734.389.542.600;8.743.974.587.068.080;63;1292;64.853.125;7.656.147.741.935.480;0.0;10.251.178;;0;0;0;0;Unknown
UDP;2026-04-20 10:55:15.145194;2026-04-20 10:55:38.876965;23.731.771;32;20;12;TRUE;16.666.666.666.666.600;20720;12974;7746;19632;12294;7338;13.484.033.703.173.600;8.730.911.822.804.960;63;1292;647.5;765.541;0.0;10230.73;;0;0;0;0;Unknown
UDP;2026-04-20 10:57:27.961908;2026-04-20 10:57:51.380637;23.418.729;26;16;10;TRUE;1.6;19435;10082;9353;18551;9538;9013;1.110.222.506.097.570;8.298.913.233.079.380;67;1292;747.5;93.674.916;0.0;10.458.802;;0;0;0;0;Unknown
UDP;2026-04-20 11:06:29.693527;2026-04-20 11:06:53.464892;23.771.365;26;16;10;TRUE;1.6;18302;10115;8187;17418;9571;7847;10.937.529.250.003.100;7.699.179.243.598.330;67;1292;7.039.230.769.230.760;9.508.546.000.000.000;0.0;11.481.106;;0;0;0;0;Unknown
TCP;2026-04-20 11:05:36.220369;2026-04-20 11:07:39.607864;123.387.495;40;20;20;TRUE;1.0;18273;10246;8027;16913;9566;7347;0.32418196025456225;1.480.944.239.932.900;54;1514;456.825;3.163.781.923.076.920;0.0;45.012.893;A,PA,RA,S,SA;1;0;1;39;Reset
UDP;2026-04-20 11:06:24.702279;2026-04-20 11:06:48.440923;23.738.644;30;19;11;TRUE;17.272.727.272.727.200;17859;10790;7069;16839;10144;6695;12.637.621.592.876.100;7.523.176.134.239.170;64;1292;595.3;8.185.739.310.344.820;0.0;10.330.964;;0;0;0;0;Unknown
UDP;2026-04-20 10:56:19.298971;2026-04-20 10:56:43.027313;23.728.342;28;18;10;TRUE;1.8;17454;10758;6696;16502;10146;6356;11.800.234.504.374.500;7.355.760.465.691.190;64;1292;6.233.571.428.571.420;8.788.274.814.814.810;0.0;10.235.761.999.999.900;;0;0;0;0;Unknown
UDP;2026-04-20 10:57:31.958680;2026-04-20 10:57:55.709420;2.375.074;28;18;10;TRUE;1.8;17305;10761;6544;16353;10149;6204;11.789.106.360.475.500;7.286.088.770.286.730;64;1292;6.180.357.142.857.140;879.657.037.037.037;0.0;10.175.576;;0;0;0;0;Unknown
UDP;2026-04-20 11:04:37.966999;2026-04-20 11:05:01.703099;237.361;28;18;10;TRUE;1.8;17034;10700;6334;16082;10088;5994;11.796.377.669.457.000;7.176.410.615.054.700;64;1292;6.083.571.428.571.420;8.791.148.148.148.140;0.0;10.281.982;;0;0;0;0;Unknown
UDP;2026-04-20 10:56:18.088442;2026-04-20 10:56:41.820369;23.731.927;28;18;10;TRUE;1.8;17020;10707;6313;16068;10095;5973;11.798.451.933.549.200;717.177.328.246.459;64;1292;6.078.571.428.571.420;8.789.602.592.592.590;0.0;10.223.149;;0;0;0;0;Unknown
TCP;2026-04-20 10:59:36.227427;2026-04-20 11:01:44.394299;128.166.872;39;18;21;TRUE;0.8571428571428571;16577;8490;8087;15251;7878;7373;0.3042907998878212;12.933.919.460.872.800;54;1514;42.505.128.205.128.200;33.728.124.210.526.300;0.0;45.011.479;A,PA,RA,S,SA;1;0;1;38;Reset
UDP;2026-04-20 11:06:24.695816;2026-04-20 11:06:48.428799;23.732.983;19;9;10;TRUE;0.9;16422;4675;11747;15776;4369;11407;0.8005736152088424;6.919.484.162.610.320;82;1292;8.643.157.894.736.840;13.184.990.555.555.500;0.108;10.245.652;;0;0;0;0;Unknown
UDP;2026-04-20 10:58:25.982424;2026-04-20 10:58:49.714531;23.732.107;19;9;10;TRUE;0.9;16415;4669;11746;15769;4363;11406;0.8006031659978611;6.916.789.984.134.150;82;1292;8.639.473.684.210.520;1.318.450.388.888.880;0.063;10.229.305.999.999.900;;0;0;0;0;Unknown
TCP;2026-04-20 10:58:13.846860;2026-04-20 11:07:54.219455;580.372.595;138;64;74;TRUE;0.8648648648648649;16387;8297;8090;11695;6121;5574;0.2377782844829191;28.235.309.766.823.100;54;1446;1.187.463.768.115.940;4.236.296.313.868.610;0.0;45.002.486;A,PA,S,SA;1;0;0;137;Established
TCP;2026-04-20 11:07:46.817384;2026-04-20 11:07:56.647954;983.057;41;23;18;TRUE;12.777.777.777.777.700;16372;5623;10749;14978;4841;10137;4.170.663.552.571.210;16.654.171.629.925.800;54;1466;3.993.170.731.707.310;24.576.425;0.0;4.339.682;A,PA,S,SA;1;0;0;40;Established
UDP;2026-04-20 10:57:22.974080;2026-04-20 10:57:46.703673;23.729.593;19;9;10;TRUE;0.9;16360;4609;11751;15714;4303;11411;0.800687984829744;6.894.344.964.112.950;82;1292;8.610.526.315.789.470;13.183.107.222.222.200;0.111;10.192.565;;0;0;0;0;Unknown
TCP;2026-04-20 10:58:23.680265;2026-04-20 11:07:56.032334;572.352.069;98;48;50;TRUE;0.96;16170;5451;10719;12838;3819;9019;0.1712232825002682;2.825.184.161.254.420;54;984;165.0;5.900.536.793.814.430;0.0;20908.44;A,PA,S,SA;1;0;0;97;Established
TCP;2026-04-20 10:58:13.136328;2026-04-20 11:07:54.219350;581.083.022;132;62;70;TRUE;0.8857142857142857;15984;7933;8051;11496;5825;5671;0.22716203193422504;27.507.256.957.853.400;54;1446;1.210.909.090.909.090;4.435.748.259.541.980;0.0;45.001.797.000.000.000;A,PA,S,SA;1;0;0;131;Established
UDP;2026-04-20 10:55:09.940044;2026-04-20 10:58:35.003781;205.063.737;143;66;77;TRUE;0.8571428571428571;15787;7279;8508;10925;5035;5890;0.6973441628053428;7.698.582.026.718.840;64;195;1.103.986.013.986.010;1.444.110.823.943.660;0.0;27.908.505.999.999.900;;0;0;0;0;Unknown
TCP;2026-04-20 10:55:18.705286;2026-04-20 10:58:11.173218;172.467.932;74;41;33;TRUE;12.424.242.424.242.400;15774;9567;6207;13258;8173;5085;0.42906527110210846;9.146.048.089.681.970;54;1446;21.316.216.216.216.200;2.362.574.410.958.900;0.0;44.963.461;A,PA,RA,S,SA;1;0;1;73;Reset
TCP;2026-04-20 10:56:11.035392;2026-04-20 10:58:01.029701;109.994.309;27;17;10;TRUE;1.7;15716;10958;4758;14798;10380;4418;0.24546724503719553;14.288.011.937.053.900;54;1514;582.074.074.074.074;4.230.550.346.153.840;0.0;108.981.534;A,FA,PA,S,SA;1;2;0;26;Closed
TCP;2026-04-20 10:57:12.092841;2026-04-20 10:57:12.529584;0.436743;39;18;21;TRUE;0.8571428571428571;15594;3888;11706;14268;3276;10992;8.929.736.710.147.610;3.570.520.878.411.330;54;1514;39.984.615.384.615.300;11.493.236.842.105.200;0.0;76.794;A,FA,PA,S,SA;1;2;0;38;Closed
TCP;2026-04-20 10:54:55.585509;2026-04-20 11:07:55.657766;780.072.257;220;104;116;TRUE;0.896551724137931;15554;7340;8214;8074;3804;4270;0.2820251560362824;19.939.178.531.765.100;54;86;70.7;3.561.973.776.255.700;0.0;15.015.252.999.999.900;A,PA;0;0;0;220;Ongoing
UDP;2026-04-20 11:00:45.123877;2026-04-20 11:01:08.181499;23.057.622;32;11;21;TRUE;0.5238095238095238;14998;8130;6868;13910;7756;6154;13.878.274.177.623.300;6.504.573.628.624.840;64;1292;4.686.875;7.437.942.580.645.160;0.0;10.430.563;;0;0;0;0;Unknown
UDP;2026-04-20 10:58:35.930267;2026-04-20 10:58:58.982600;23.052.333;31;10;21;TRUE;0.47619047619047616;13982;7412;6570;12928;7072;5856;13.447.662.759.339.800;6.065.329.700.035.130;66;1292;45.103.225.806.451.600;7.684.110.999.999.990;0.0;9.841.728;;0;0;0;0;Unknown
UDP;2026-04-20 11:00:36.451224;2026-04-20 11:00:59.505224;23.054;31;10;21;TRUE;0.47619047619047616;13949;7409;6540;12895;7069;5826;13.446.690.379.109.900;6.050.576.906.393.680;66;1292;44.996.774.193.548.300;7.684.666.666.666.660;0.0;9.864.003;;0;0;0;0;Unknown
TCP;2026-04-20 11:01:12.063456;2026-04-20 11:04:44.282653;212.219.197;83;40;43;TRUE;0.9302325581395349;13943;6124;7819;11121;4764;6357;0.3911050516320632;6.570.093.656.513.080;54;1446;1.679.879.518.072.280;25.880.389.878.048.700;0.0;27.721.352;A,FA,PA,S,SA;1;2;0;82;Closed
TCP;2026-04-20 10:57:06.565981;2026-04-20 10:58:56.720575;110.154.594;36;19;17;TRUE;11.176.470.588.235.200;13607;4026;9581;12383;3380;9003;0.32681342368707744;1.235.263.960.030.570;54;1514;37.797.222.222.222.200;31.472.741.142.857.100;0.0;109.208.715;A,FA,PA,S,SA;1;2;0;35;Closed
TCP;2026-04-20 11:02:37.040058;2026-04-20 11:06:37.116048;24.007.599;41;19;22;TRUE;0.8636363636363636;13542;5124;8418;12148;4478;7670;0.17077926035002503;5.640.714.008.926.920;54;1466;3.302.926.829.268.290;600.189.975;0.0;45.014.299;A,FA,PA,S,SA;1;2;0;40;Closed
TCP;2026-04-20 11:02:07.133616;2026-04-20 11:03:57.318255;110.184.639;33;16;17;TRUE;0.9411764705882353;13502;3921;9581;12380;3377;9003;0.2994972829198088;12.253.976.709.040.100;54;1514;4.091.515.151.515.150;34.432.699.687.500.000;0.0;109.235.664;A,FA,PA,S,SA;1;2;0;32;Closed
TCP;2026-04-20 11:07:07.865967;2026-04-20 11:07:08.633334;0.767367;32;16;16;TRUE;1.0;13466;3945;9521;12378;3401;8977;4.170.103.744.362.210;17.548.317.819.244.200;54;1514;4.208.125;24.753.774.193.548.300;0.0;198.169;A,PA,S,SA;1;0;0;31;Established
TCP;2026-04-20 11:00:55.813668;2026-04-20 11:02:59.482219;123.668.551;31;15;16;TRUE;0.9375;13370;1853;11517;12316;1343;10973;0.2506700349387938;10.811.156.023.005.300;54;1514;4.312.903.225.806.450;4.122.285.033.333.330;0.0;123.376.265;A,FA,PA,S,SA;1;2;0;30;Closed
TCP;2026-04-20 10:55:17.970896;2026-04-20 10:58:11.173697;173.202.801;70;39;31;TRUE;12.580.645.161.290.300;13008;7391;5617;10628;6065;4563;0.40415050793549234;7.510.271.153.178.400;54;1446;18.582.857.142.857.100;25.101.855.217.391.300;0.0;44.963.388;A,PA,RA,S,SA;1;0;1;69;Reset
UDP;2026-04-20 10:55:35.089040;2026-04-20 10:55:58.145293;23.056.253;31;10;21;TRUE;0.47619047619047616;12848;6314;6534;11794;5974;5820;1.344.537.640.179.430;5.572.457.935.814.630;64;1292;4.144.516.129.032.250;7.685.417.666.666.660;0.0;10.350.149;;0;0;0;0;Unknown
UDP;2026-04-20 11:01:36.835641;2026-04-20 11:01:59.909418;23.073.777;31;10;21;TRUE;0.47619047619047616;12834;6327;6507;11780;5987;5793;13.435.164.949.370.800;5.562.158.289.039.540;65;1292;414.0;7.691.258.999.999.990;0.0;10.233.194;;0;0;0;0;Unknown
TCP;2026-04-20 10:57:40.607997;2026-04-20 11:01:11.869384;211.261.387;77;35;42;TRUE;0.8333333333333334;12778;5862;6916;10160;4672;5488;0.3644773950101918;60.484.313.681.041.900;54;1446;16.594.805.194.805.100;2.779.755.092.105.260;0.0;29.780.028.000.000.000;A,FA,FPA,PA,S,SA;1;2;0;76;Closed
TCP;2026-04-20 10:57:33.204649;2026-04-20 10:57:38.911129;570.648;37;19;18;TRUE;10.555.555.555.555.500;12762;3942;8820;11504;3296;8208;6.483.856.948.591.770;22.364.049.291.331.900;54;1514;3.449.189.189.189.180;15.851.333.333.333.300;0.0;4826.95;A,FA,PA,RA,S,SA;1;2;1;36;Closed
UDP;2026-04-20 10:57:35.521344;2026-04-20 10:57:58.578435;23.057.091;29;9;20;TRUE;0.45;12618;6248;6370;11632;5942;5690;12.577.475.623.442.600;5.472.503.014.365.510;65;1292;4.351.034.482.758.620;8.234.675.357.142.850;0.0;10.386.695;;0;0;0;0;Unknown
TCP;2026-04-20 10:55:58.804483;2026-04-20 11:01:28.154139;329.349.656;34;15;19;TRUE;0.7894736842105263;11791;7780;4011;10635;7270;3365;0.1032337498479124;3.580.085.718.990.390;54;1466;34.679.411.764.705.800;9.980.292.606.060.600;0.0;215.815.043;A,FA,PA;0;2;0;34;Ongoing
TCP;2026-04-20 10:57:27.963725;2026-04-20 11:01:28.817393;240.853.668;42;21;21;TRUE;1.0;11748;7072;4676;10320;6358;3962;0.17437973998386438;487.765.044.126.295;54;1466;2.797.142.857.142.850;5.874.479.707.317.070;0.0;45.013.113;A,FA,PA,S,SA;1;2;0;41;Closed
TCP;2026-04-20 10:56:08.743283;2026-04-20 11:06:16.461099;607.717.816;31;16;15;TRUE;10.666.666.666.666.600;11344;3386;7958;10290;2842;7448;0.051010517025882295;18.666.558.230.374.400;54;1514;36.593.548.387.096.700;20.257.260.533.333.300;0.0;244.970.087;A,PA,S,SA;1;0;0;30;Established
TCP;2026-04-20 11:04:44.504763;2026-04-20 11:07:46.189990;181.685.227;58;29;29;TRUE;1.0;11082;5348;5734;9110;4362;4748;0.3192334399318003;609.956.031.262.795;54;1446;19.106.896.551.724.100;3.187.460.122.807.010;0.0;28.755.517;A,PA,S,SA;1;0;0;57;Established
TCP;2026-04-20 11:03:20.988798;2026-04-20 11:05:11.212744;110.223.946;26;14;12;TRUE;11.666.666.666.666.600;11052;3556;7496;10168;3080;7088;0.2358834077669475;10.026.859.317.847.300;54;1514;4.250.769.230.769.230;440.895.784;0.0;109.224.878;A,FA,PA,S,SA;1;2;0;25;Closed
TCP;2026-04-20 10:58:30.985016;2026-04-20 11:02:32.063840;241.078.824;52;25;27;TRUE;0.9259259259259259;10797;4816;5981;9029;3966;5063;0.21569708669227622;4.478.618.163.493.280;54;1466;2.076.346.153.846.150;4.727.035.764.705.880;0.0;45.015.079.999.999.900;A,FA,PA,S,SA;1;2;0;51;Closed
TCP;2026-04-20 11:00:45.092635;2026-04-20 11:02:45.898491;120.805.856;37;20;17;TRUE;11.764.705.882.352.900;10791;6111;4680;9533;5431;4102;0.30627654341524635;8.932.513.999.983.570;54;1514;29.164.864.864.864.800;33.557.182.222.222.200;0.0;45012.32;A,FA,PA,S,SA;1;2;0;36;Closed
TCP;2026-04-20 10:59:36.175123;2026-04-20 11:03:36.255905;240.080.782;48;22;26;TRUE;0.8461538461538461;10326;4249;6077;8694;3501;5193;0.1999327043178325;4.301.052.301.637.370;54;1466;215.125;5.108.101.744.680.850;0.0;45.013.661;A,FA,PA,S,SA;1;2;0;47;Closed
UDP;2026-04-20 11:06:37.372040;2026-04-20 11:07:00.429616;23.057.576;22;5;17;TRUE;0.29411764705882354;10277;4159;6118;9529;3989;5540;0.9541332532092706;4.457.103.383.287.120;66;1292;4.671.363.636.363.630;10.979.798.095.238.000;0.0;10.437.496;;0;0;0;0;Unknown
TCP;2026-04-20 10:55:00.746633;2026-04-20 11:07:52.550196;771.803.563;170;85;85;TRUE;1.0;10236;5568;4668;4456;2678;1778;0.22026330033928593;13.262.442.013.370.100;54;66;6.021.176.470.588.230;4.566.884.988.165.680;0.077;10.016.252;A;0;0;0;170;Ongoing
TCP;2026-04-20 10:59:26.296504;2026-04-20 11:01:16.498725;110.202.221;25;14;11;TRUE;12.727.272.727.272.700;10142;2712;7430;9292;2236;7056;0.2268556819739595;920.308.130.631.959;54;1514;405.68;4.591.759.208.333.330;0.0;109.238.583;A,FA,PA,S,SA;1;2;0;24;Closed
UDP;2026-04-20 11:00:37.404661;2026-04-20 11:01:41.749635;64.344.974;14;14;0;FALSE;inf;10052;10052;0;9296;9296;0;0.21757721123642076;1.562.204.376.677.500;718;718;718.0;4.949.613.384.615.380;156.075;50.679.848.999.999.900;;0;0;0;0;Unknown
TCP;2026-04-20 10:58:12.973156;2026-04-20 11:00:36.431288;143.458.132;68;35;33;TRUE;10.606.060.606.060.600;9941;6345;3596;7629;5155;2474;0.47400589323162245;6.929.547.918.552.290;54;1514;14.619.117.647.058.800;2.141.166.149.253.730;0.0;45.008.194;A,FA,PA,R,RA,S,SA;1;1;6;62;Closed
UDP;2026-04-20 11:00:37.405762;2026-04-20 11:01:42.670538;65.264.776;14;14;0;FALSE;inf;9772;9772;0;9296;9296;0;0.2145108105480972;14.972.854.576.257.100;698;698;698.0;5.020.367.384.615.380;218.521;50.491.435.000.000.000;;0;0;0;0;Unknown
TCP;2026-04-20 10:55:21.704603;2026-04-20 11:07:29.108965;727.404.362;106;49;57;TRUE;0.8596491228070176;9682;4339;5343;6078;2673;3405;0.14572362435187047;13.310.340.858.252.900;54;126;9.133.962.264.150.940;692.766.059.047.619;0.0;39.583.382;A,PA;0;0;0;106;Ongoing
TCP;2026-04-20 10:55:27.177983;2026-04-20 11:05:47.439642;620.261.659;30;19;11;TRUE;17.272.727.272.727.200;9023;2651;6372;8003;2005;5998;0.04836668455110813;14.547.086.490.154.900;54;1466;30.076.666.666.666.600;21.388.333.068.965.500;0.0;361.030.368;A,FA,FPA,PA,RA,S,SA;1;8;1;29;Closed
TCP;2026-04-20 11:01:28.172707;2026-04-20 11:03:53.393067;14.522.036;27;13;14;TRUE;0.9285714285714286;8768;5693;3075;7850;5251;2599;0.1859243428400811;60.377.208.815.623.300;54;1466;32.474.074.074.074.000;55.853.984.615.384.600;0.0;14.430.384.900.000.000;A,FA,PA,S,SA;1;2;0;26;Closed
TCP;2026-04-20 10:55:06.178263;2026-04-20 11:07:46.209502;760.031.239;117;78;39;TRUE;2.0;8580;5382;3198;4602;2730;1872;0.15394104083661223;11.289.009.661.351.500;60;82;7.333.333.333.333.330;6.551.993.439.655.170;0.29100000000000004;20.084.905;A,PA;0;0;0;117;Ongoing
TCP;2026-04-20 11:01:16.521627;2026-04-20 11:05:16.603740;240.082.113;39;19;20;TRUE;0.95;8553;4168;4385;7227;3522;3705;0.1624444216716803;3.562.531.124.507.380;54;1466;21.930.769.230.769.200;6.317.950.342.105.260;0.0;45.013.674.999.999.900;A,FA,PA,S,SA;1;2;0;38;Closed
TCP;2026-04-20 11:05:41.053212;2026-04-20 11:05:41.098558;0.045346;29;16;13;TRUE;12.307.692.307.692.300;8535;7046;1489;7549;6502;1047;6.395.271.909.319.450;18.821.946.808.979.800;54;1514;2.943.103.448.275.860;16.195.000.000.000.000;0.0;21.059;A,FA,PA,RA,S,SA;1;2;1;28;Closed
TCP;2026-04-20 10:55:41.059028;2026-04-20 10:55:41.094536;0.035508;29;15;14;TRUE;10.714.285.714.285.700;8530;6987;1543;7544;6477;1067;8.167.173.594.682.880;24.022.755.435.394.800;54;1514;29.413.793.103.448.200;12.681.428.571.428.500;0.0;12.628;A,FA,PA,RA,S,SA;1;2;1;28;Closed
TCP;2026-04-20 11:00:41.060323;2026-04-20 11:00:41.106090;0.045767;28;15;13;TRUE;11.538.461.538.461.500;8475;6986;1489;7523;6476;1047;6.117.945.244.390.060;18.517.709.266.502.000;54;1514;30.267.857.142.857.100;16.950.740.740.740.700;0.0;7.234;A,FA,PA,RA,S,SA;1;2;1;27;Closed
TCP;2026-04-20 11:06:29.694967;2026-04-20 11:07:15.739137;4.604.417;30;14;16;TRUE;0.875;8250;3946;4304;7230;3470;3760;0.6515482850488997;17.917.577.838.844.700;54;1466;275.0;15.877.300.000.000.000;0.0;45.008.588;A,PA,S,SA;1;0;0;29;Established
TCP;2026-04-20 11:06:24.680411;2026-04-20 11:07:12.350175;47.669.764;25;13;12;TRUE;10.833.333.333.333.300;7620;2696;4924;6770;2254;4516;0.5244414467837516;1.598.497.529.796.870;54;1514;304.8;19.862.401.666.666.600;0.0;37.082.627;A,FA,PA,R,S,SA;1;2;1;23;Closed
TCP;2026-04-20 11:01:36.891774;2026-04-20 11:07:22.642767;345.750.993;40;20;20;TRUE;1.0;7403;5153;2250;6043;4473;1570;0.11569019557378393;21.411.362.945.818.000;54;1466;185.075;8.865.410.076.923.070;0.0;45.014.638;A,PA,S,SA;1;0;0;39;Established
TCP;2026-04-20 11:00:36.444989;2026-04-20 11:01:32.266750;55.821.761;23;12;11;TRUE;10.909.090.909.090.900;7390;4924;2466;6608;4516;2092;0.4120256972903452;1.323.856.479.554.630;54;1514;32.130.434.782.608.600;25.373.527.727.272.700;0.0;45.001.399.999.999.900;A,FA,PA,R,S,SA;1;1;1;21;Closed
TCP;2026-04-20 10:57:40.608572;2026-04-20 10:57:41.088567;0.479995;27;13;14;TRUE;0.9285714285714286;7310;3433;3877;6392;2991;3401;5.625.058.594.360.350;15.229.325.305.471.900;54;1446;27.074.074.074.074.000;18.461.346.153.846.100;0.0;18.471.099.999.999.900;A,FA,PA,S,SA;1;2;0;26;Closed
Unknown;2026-04-20 10:55:00.916715;2026-04-20 11:07:51.659025;77.074.231;78;78;0;FALSE;inf;7020;7020;0;0;0;0;0.10120113945736287;9.108.102.551.162.650;90;90;90.0;10.009.640.389.610.300;9.993.193;10.188.530.999.999.900;;0;0;0;0;Unknown
TCP;2026-04-20 11:04:44.504291;2026-04-20 11:04:44.969765;0.465474;25;12;13;TRUE;0.9230769230769231;6586;3388;3198;5736;2980;2756;5.370.869.264.448.710;14.149.017.990.263.600;54;1446;263.44;1.939.475;0.0;220.228;A,FA,PA,S,SA;1;2;0;24;Closed
TCP;2026-04-20 11:01:12.062702;2026-04-20 11:01:12.642958;0.580256;25;12;13;TRUE;0.9230769230769231;6528;3330;3198;5678;2922;2756;43.084.431.699.112.100;11.250.206.805.272.100;54;1446;261.12;24.177.333.333.333.300;0.0;27.755.800.000.000.000;A,FA,PA,S,SA;1;2;0;24;Closed
TCP;2026-04-20 11:04:44.445326;2026-04-20 11:07:44.580840;180.135.514;26;14;12;TRUE;11.666.666.666.666.600;6323;3151;3172;5439;2675;2764;0.14433578045026701;35.101.351.530.270.700;54;1466;24.319.230.769.230.700;720.542.056;0.0;45.005.593;A,PA,S,SA;1;0;0;25;Established
TCP;2026-04-20 11:01:12.005966;2026-04-20 11:04:44.457788;212.451.822;25;14;11;TRUE;12.727.272.727.272.700;6147;3060;3087;5297;2584;2713;0.11767373781336646;28.933.618.653.550.500;54;1466;245.88;8.852.159.249.999.990;0.0;45.011.966;A,FA,PA,S,SA;1;2;0;24;Closed
TCP;2026-04-20 10:57:40.552486;2026-04-20 11:01:12.019382;211.466.896;24;13;11;TRUE;11.818.181.818.181.800;6145;3058;3087;5329;2616;2713;0.1134929412308582;29.058.921.827.650.900;54;1466;2.560.416.666.666.660;9.194.212.869.565.210;0.0;45.015.043;A,FA,PA,S,SA;1;2;0;23;Closed
TCP;2026-04-20 11:05:36.181149;2026-04-20 11:07:51.281023;135.099.874;19;10;9;TRUE;11.111.111.111.111.100;5824;2863;2961;5178;2523;2655;0.14063669667079037;43.108.848.495.299.100;54;1466;3.065.263.157.894.730;7.505.548.555.555.550;0.0;45.010.781;A,PA,S,SA;1;0;0;18;Established
TCP;2026-04-20 11:01:12.167806;2026-04-20 11:03:07.209659;115.041.853;24;12;12;TRUE;1.0;5736;2713;3023;4920;2305;2615;0.20861972729177092;4.986.011.482.273.320;54;1446;239.0;5.001.819.695.652.170;0.0;45.002.265;A,FA,PA,R,S,SA;1;1;1;22;Closed
TCP;2026-04-20 11:04:44.562675;2026-04-20 11:06:39.600211;115.037.536;24;12;12;TRUE;1.0;5672;2649;3023;4856;2241;2615;0.20862755613958908;49.305.645.767.656.200;54;1446;23.633.333.333.333.300;5.001.632;0.0;45.011.835;A,FA,PA,R,S,SA;1;1;1;22;Closed
TCP;2026-04-20 11:07:12.363324;2026-04-20 11:07:12.420083;0.056759;26;14;12;TRUE;11.666.666.666.666.600;5346;3798;1548;4462;3322;1140;4.580.771.331.418.800;9.418.770.591.448.050;54;1514;2.056.153.846.153.840;22.703.599.999.999.900;0.0;45.638.999.999.999.900;A,PA,S,SA;1;0;0;25;Established
TCP;2026-04-20 10:55:04.082991;2026-04-20 11:07:44.219937;760.136.946;60;40;20;TRUE;2.0;5006;3153;1853;2966;1793;1173;0.07893314529142753;6.585.655.422.148.100;54;104;8.343.333.333.333.330;12.883.677.050.847.400;40.306.000.000.000.000;39.880.640.999.999.900;A,PA;0;0;0;60;Ongoing
TCP;2026-04-20 10:58:35.987978;2026-04-20 11:00:36.456113;120.468.135;18;10;8;TRUE;1.25;4063;2741;1322;3451;2401;1050;0.14941710519549423;337.267.610.227.385;54;1466;22.572.222.222.222.200;7.086.360.882.352.940;0.0;45.000.153;A,FA,PA,S,SA;1;2;0;17;Closed
TCP;2026-04-20 10:55:35.143481;2026-04-20 10:57:18.104023;102.960.542;18;10;8;TRUE;1.25;4031;2709;1322;3419;2369;1050;0.17482425451878447;39.150.920.553.623.300;54;1466;22.394.444.444.444.400;6.056.502.470.588.230;0.0;45.001.001.000.000.000;A,FA,PA,S,SA;1;2;0;17;Closed
UDP;2026-04-20 10:54:53.159210;2026-04-20 10:55:10.999915;17.840.705;4;0;4;FALSE;0.0;3963;0;3963;3827;0;3827;0.2242063864628668;22.213.247.738.808.500;267;1242;990.75;5.946.901.666.666.660;2.250.908;10.393.301;;0;0;0;0;Unknown
TCP;2026-04-20 10:57:35.590831;2026-04-20 10:58:36.000794;60.409.963;16;9;7;TRUE;12.857.142.857.142.800;3910;2654;1256;3366;2348;1018;0.26485697400609237;6.472.442.302.273.880;54;1466;244.375;4.027.330.866.666.660;0.0;44.957.481;A,FA,PA,S,SA;1;2;0;15;Closed
TCP;2026-04-20 11:00:36.510149;2026-04-20 11:01:36.906029;6.039.588;16;9;7;TRUE;12.857.142.857.142.800;3910;2654;1256;3366;2348;1018;0.26491873286720885;6.473.951.534.442.410;54;1466;244.375;40.263.920.000.000.000;0.0;44.957.133;A,FA,PA,S,SA;1;2;0;15;Closed
TCP;2026-04-20 10:55:08.706363;2026-04-20 11:07:38.792651;750.086.288;52;26;26;TRUE;1.0;3666;1404;2262;1898;520;1378;0.06932535740474702;4.887.437.697.034.660;54;87;70.5;14.707.574.274.509.800;0.11699999999999999;30023.84;A,PA;0;0;0;52;Ongoing
UDP;2026-04-20 10:55:08.224904;2026-04-20 11:05:41.051828;632.826.924;22;11;11;TRUE;1.0;3591;896;2695;2843;522;2321;0.034764639691594414;5.674.537.324.205.250;74;420;16.322.727.272.727.200;3.013.461.542.857.140;14.940.999.999.999.900;143.869.022;;0;0;0;0;Unknown
TCP;2026-04-20 11:02:18.047265;2026-04-20 11:03:07.619324;49.572.059;18;8;10;TRUE;0.8;3586;789;2797;2974;517;2457;0.3631077740789423;7.233.913.765.817.150;54;1514;19.922.222.222.222.200;29.160.034.705.882.300;0.0;39.313.646;A,FA,PA,R,S,SA;1;2;1;16;Closed
TCP;2026-04-20 10:57:18.096480;2026-04-20 10:58:12.957534;54.861.054;18;10;8;TRUE;1.25;3586;2797;789;2974;2457;517;0.32810160738071126;6.536.513.133.706.830;54;1514;19.922.222.222.222.200;3.227.120.823.529.410;0.0;44.611.411;A,FA,PA,R,S,SA;1;2;1;16;Closed
UDP;2026-04-20 10:54:53.004678;2026-04-20 10:55:10.994130;17.989.452;4;0;4;FALSE;0.0;3459;0;3459;3323;0;3323;0.22235252079941067;1.922.793.423.612.900;267;1064;864.75;5.996.484;28.475.589.999.999.900;10.094.294;;0;0;0;0;Unknown
TCP;2026-04-20 10:55:08.689944;2026-04-20 11:07:12.344758;723.654.814;24;16;8;TRUE;2.0;3456;1664;1792;2640;1120;1520;0.03316498354697603;4.775.757.630.764.540;54;225;144.0;31.463.252.782.608.600;40.376.000.000.000.000;23.989.783.800.000.000;A,PA;0;0;0;24;Ongoing
UDP;2026-04-20 10:55:08.224918;2026-04-20 11:07:46.815400;758.590.482;24;12;12;TRUE;1.0;3452;1001;2451;2636;593;2043;0.03163762342064292;4.550.544.835.335.800;75;326;14.383.333.333.333.300;3.298.219.486.956.520;13.729.999.999.999.900;265.812.298;;0;0;0;0;Unknown
TCP;2026-04-20 11:04:37.952461;2026-04-20 11:05:33.389426;55.436.965;16;8;8;TRUE;1.0;3420;789;2631;2876;517;2359;0.28861608856112525;6.169.168.892.994.050;54;1514;213.75;36.957.976.666.666.600;0.0;45.013.799;A,FA,PA,R,S,SA;1;1;1;14;Closed
TCP;2026-04-20 10:55:04.938205;2026-04-20 10:57:40.390594;155.452.389;38;18;20;TRUE;0.9;3235;1474;1761;1943;862;1081;0.24444783540766296;2.081.023.019.852.070;54;126;8.513.157.894.736.840;4.201.415.918.918.910;0.0;28.679.310.999.999.900;A,FA,PA;0;2;0;38;Ongoing
UDP;2026-04-20 10:54:53.264859;2026-04-20 11:07:53.276616;780.011.757;14;14;0;FALSE;inf;3108;3108;0;2632;2632;0;0.017948447410389482;3.984.555.325.106.460;222;222;222.0;6.000.090.438.461.530;59.908.813;60.107.337.999.999.900;;0;0;0;0;Unknown
TCP;2026-04-20 10:54:59.182756;2026-04-20 11:02:23.645886;44.446.313;27;14;13;TRUE;10.769.230.769.230.700;3084;2382;702;2166;1906;260;0.06074744602550047;6.938.708.279.357.160;54;320;11.422.222.222.222.200;1.709.473.576.923.070;0.13899999999999998;24.001.909.399.999.900;A,FA,PA;0;1;0;27;Ongoing
UDP;2026-04-20 10:55:00.940994;2026-04-20 10:55:01.310560;0.369566;11;5;6;TRUE;0.8333333333333334;2702;1086;1616;2328;916;1412;2.976.464.285.134.450;7.311.278.634.939.360;66;1013;24.563.636.363.636.300;36.956.599.999.999.900;0.599;242.271;;0;0;0;0;Unknown
UDP;2026-04-20 10:54:55.613433;2026-04-20 10:55:16.261024;20.647.591;4;3;1;TRUE;3.0;2627;2405;222;2491;2303;188;0.19372720042740096;12.723.033.888.069.500;222;1069;656.75;6.882.530.333.333.330;6.041.776;8.494.738;;0;0;0;0;Unknown
ARP;2026-04-20 10:55:29.578336;2026-04-20 11:07:40.482197;730.903.861;50;50;0;FALSE;inf;2550;2550;0;0;0;0;0.06840844968528631;34.888.309.339.496.000;42;60;51.0;14.916.405.326.530.600;0.032;53282.15;;0;0;0;0;Unknown
TCP;2026-04-20 10:54:57.638505;2026-04-20 11:07:42.999133;765.360.628;36;18;18;TRUE;1.0;2178;1188;990;954;576;378;0.04703665002219058;28.457.173.263.425.300;55;66;60.5;21.867.446.514.285.700;14.447;45014.92;A;0;0;0;36;Ongoing
TCP;2026-04-20 10:56:12.021373;2026-04-20 11:01:28.154139;316.132.766;10;5;5;TRUE;1.0;1857;1000;857;1517;830;687;0.03163227945818182;5.874.114.295.384.360;54;760;185.7;3.512.586.288.888.880;0.0;24.001.662.099.999.900;A,FA,PA,R;0;2;1;9;Reset
TCP;2026-04-20 10:57:08.047755;2026-04-20 11:06:08.139757;540.092.002;12;8;4;TRUE;2.0;1508;600;908;1100;328;772;0.022218436776629033;27.921.168.882.630.400;54;227;12.566.666.666.666.600;49.099.272.909.090.900;15.305;17.995.754.400.000.000;A,PA;0;0;0;12;Ongoing
TCP;2026-04-20 10:55:08.241482;2026-04-20 10:55:08.284429;0.042947;10;5;5;TRUE;1.0;923;436;487;583;266;317;23.284.513.470.091.000;21.491.605.932.894.000;54;241;92.3;4.771.888.888.888.880;0.0;14.036;A,FA,PA,S,SA;1;2;0;9;Closed
TCP;2026-04-20 10:56:18.825901;2026-04-20 10:56:18.833085;0.007184;10;5;5;TRUE;1.0;916;487;429;576;317;259;13.919.821.826.280.600;12.750.556.792.873.000;54;241;91.6;0.7982222222222223;0.055;2.184;A,FA,PA,S,SA;1;2;0;9;Closed
TCP;2026-04-20 10:56:54.343441;2026-04-20 10:56:54.349876;0.006435;10;5;5;TRUE;1.0;916;487;429;576;317;259;1.554.001.554.001.550;14.234.654.234.654.200;54;241;91.6;0.715;0.0;1.859;A,FA,PA,S,SA;1;2;0;9;Closed
TCP;2026-04-20 10:55:04.917405;2026-04-20 10:58:19.910071;194.992.666;14;7;7;TRUE;1.0;900;383;517;424;145;279;0.07179757211996886;4.615.558.207.712.280;54;127;6.428.571.428.571.420;14.999.435.846.153.800;0.213;45.014.714;A,FA,PA;0;2;0;14;Ongoing
TCP;2026-04-20 10:55:03.958530;2026-04-20 10:58:18.957433;194.998.903;14;7;7;TRUE;1.0;900;517;383;424;279;145;0.07179527568932016;4.615.410.580.027.720;54;127;6.428.571.428.571.420;14.999.915.615.384.600;0.157;45.007.217;A,FA,PA;0;2;0;14;Ongoing
TCP;2026-04-20 10:55:00.290195;2026-04-20 10:58:15.321917;195.031.722;14;7;7;TRUE;1.0;900;383;517;424;145;279;0.07178319432569026;4.614.633.920.937.230;54;127;6.428.571.428.571.420;15.002.440.153.846.100;0.134;45.015.076;A,FA,PA;0;2;0;14;Ongoing
UDP;2026-04-20 10:55:12.590473;2026-04-20 11:00:14.308515;301.718.042;4;4;0;FALSE;inf;808;808;0;672;672;0;0.013257410705323349;26.779.969.624.753.100;143;261;202.0;10.057.268.066.666.600;5.794.956;237701.8;;0;0;0;0;Unknown
TCP;2026-04-20 10:55:08.705412;2026-04-20 10:56:34.948105;86.242.693;9;4;5;TRUE;0.8;563;218;345;257;82;175;0.10435666706279684;6.528.089.284.039.400;54;93;6.255.555.555.555.550;10.780.336.625;0.066;45.008.231.999.999.900;A,FA,PA;0;2;0;9;Ongoing
TCP;2026-04-20 10:55:33.073518;2026-04-20 10:57:18.103696;105.030.178;9;5;4;TRUE;1.25;531;273;258;225;103;122;0.08568965769057346;5.055.689.803.743.830;54;66;59.0;1.312.877.225;0.203;45.003.937.999.999.900;A,FA;0;2;0;9;Ongoing
UDP;2026-04-20 10:54:53.180948;2026-04-20 10:54:57.748876;4.567.928;2;0;2;FALSE;0.0;503;0;503;435;0;435;0.4378352723598095;11.011.557.099.849.200;236;267;251.5;4.567.928;4.567.928;4.567.928;;0;0;0;0;Unknown
TCP;2026-04-20 10:55:03.110357;2026-04-20 10:55:23.725654;20.615.297;6;3;3;TRUE;1.0;367;163;204;163;61;102;0.2910460130649585;17.802.314.465.806.600;54;78;61.166.666.666.666.600;41.230.594;0.0;20.610.001;A,FA,PA,RA;0;2;1;6;Reset
TCP;2026-04-20 10:58:18.677649;2026-04-20 10:58:23.661765;4.984.116;6;3;3;TRUE;1.0;366;180;186;162;78;84;12.038.243.090.650.300;7.343.328.285.296.730;54;78;61.0;9.968.232.000.000.000;0.17;4.970.212;A,FA,PA,R;0;2;2;4;Reset
TCP;2026-04-20 10:55:11.233403;2026-04-20 10:55:23.808733;1.257.533;6;3;3;TRUE;1.0;349;186;163;145;84;61;0.4771246559732429;27.752.750.822.443.600;54;66;58.166.666.666.666.600;2.515.066;0.0;12.407.225.999.999.900;A,FA;0;2;0;6;Ongoing
TCP;2026-04-20 10:55:11.486361;2026-04-20 10:55:23.739492;12.253.131;6;3;3;TRUE;1.0;349;186;163;145;84;61;0.48967076251775976;28.482.516.019.783.000;54;66;58.166.666.666.666.600;24.506.261.999.999.900;0.0;12.223.443;A,FA;0;2;0;6;Ongoing
TCP;2026-04-20 10:55:11.610426;2026-04-20 10:55:23.740682;12.130.256;6;3;3;TRUE;1.0;349;163;186;145;61;84;0.4946309459586014;28.771.033.356.591.900;54;66;58.166.666.666.666.600;24.260.512;0.0;12.095.224.999.999.900;A,FA;0;2;0;6;Ongoing
TCP;2026-04-20 10:55:09.524380;2026-04-20 10:56:32.724676;83.200.296;5;2;3;TRUE;0.6666666666666666;302;110;192;132;42;90;0.06009594004329023;362.979.477.861.473;55;66;60.4;20.800.074;16.433;45.010.266;A,RA;0;0;1;5;Reset
TCP;2026-04-20 10:55:09.412455;2026-04-20 10:56:27.774225;7.836.177;5;2;3;TRUE;0.6666666666666666;302;110;192;132;42;90;0.0638066240719167;38.539.200.939.437.600;55;66;60.4;195.904.425;15.635;45.010.696;A,RA;0;0;1;5;Reset
TCP;2026-04-20 10:55:03.001576;2026-04-20 10:55:23.737800;20.736.224;5;3;2;TRUE;1.5;289;163;126;119;61;58;0.24112393847597324;13.936.963.643.911.200;54;66;57.8;51.840.560.000.000.000;0.184;20.707.234;A,FA;0;2;0;5;Ongoing
TCP;2026-04-20 10:55:02.954526;2026-04-20 10:55:23.738512;20.783.986;5;3;2;TRUE;1.5;289;163;126;119;61;58;0.24056983102278842;13.904.936.233.117.100;54;66;57.8;51.959.965;0.085;20.755.449;A,FA;0;2;0;5;Ongoing
TCP;2026-04-20 10:55:02.954667;2026-04-20 10:55:23.726456;20.771.789;5;2;3;TRUE;0.6666666666666666;289;126;163;119;58;61;0.2407110913749413;13.913.101.081.471.600;54;66;57.8;519.294.725;0.152;20.766.447;A,FA;0;2;0;5;Ongoing
TCP;2026-04-20 10:55:02.954698;2026-04-20 10:55:23.726595;20.771.897;5;2;3;TRUE;0.6666666666666666;289;126;163;119;58;61;0.24070983983793104;13.913.028.742.632.400;54;66;57.8;519.297.425;0.29100000000000004;20.767.003;A,FA;0;2;0;5;Ongoing
TCP;2026-04-20 10:55:03.017428;2026-04-20 10:55:23.737937;20.720.509;5;3;2;TRUE;1.5;289;163;126;119;61;58;0.24130681345714047;13.947.533.817.822.700;54;66;57.8;518.012.725;0.321;20.691.599;A,FA;0;2;0;5;Ongoing
TCP;2026-04-20 10:55:11.360356;2026-04-20 10:55:23.739785;12.379.429;5;2;3;TRUE;0.6666666666666666;289;126;163;119;58;61;0.4038958501236204;2.334.518.013.714.520;54;66;57.8;309.485.725;0.093;12.348.282;A,FA;0;2;0;5;Ongoing
TCP;2026-04-20 10:55:02.969722;2026-04-20 10:55:23.727020;20.757.298;5;2;3;TRUE;0.6666666666666666;289;126;163;119;58;61;0.24087913561774757;13.922.814.038.705.800;54;66;57.8;51.893.245;0.094;20.751.097.999.999.900;A,FA;0;2;0;5;Ongoing
TCP;2026-04-20 10:55:19.825860;2026-04-20 10:55:35.158814;15.332.954;5;3;2;TRUE;1.5;289;163;126;119;61;58;0.32609502382906774;18.848.292.377.320.100;54;66;57.8;38.332.385;0.34099999999999997;15.300.723;A,FA;0;2;0;5;Ongoing
UDP;2026-04-20 10:57:18.062242;2026-04-20 10:57:18.076363;0.014121;2;1;1;TRUE;1.0;219;73;146;151;39;112;14.163.302.882.232.100;1.550.881.665.604.410;73;146;109.5;14.121;14.121;14.121;;0;0;0;0;Unknown
UDP;2026-04-20 10:58:45.130063;2026-04-20 10:58:45.145552;0.015489;2;1;1;TRUE;1.0;219;73;146;151;39;112;12.912.389.437.665.400;14.139.066.434.243.600;73;146;109.5;15.488.999.999.999.900;15.488.999.999.999.900;15.488.999.999.999.900;;0;0;0;0;Unknown
UDP;2026-04-20 11:06:24.651300;2026-04-20 11:06:24.666173;0.014873;2;1;1;TRUE;1.0;219;73;146;151;39;112;1.344.718.617.629.260;14.724.668.863.040.400;73;146;109.5;14.873.000.000.000.000;14.873.000.000.000.000;14.873.000.000.000.000;;0;0;0;0;Unknown
UDP;2026-04-20 10:57:40.487689;2026-04-20 10:57:40.501764;0.014075;2;1;1;TRUE;1.0;216;70;146;148;36;112;14.209.591.474.245.100;15.346.358.792.184.700;70;146;108.0;14.075.000.000.000.000;14.075.000.000.000.000;14.075.000.000.000.000;;0;0;0;0;Unknown
UDP;2026-04-20 11:05:36.097584;2026-04-20 11:05:36.115309;0.017725;2;1;1;TRUE;1.0;216;70;146;148;36;112;11.283.497.884.344.100;12.186.177.715.091.600;70;146;108.0;17.725;17.725;17.725;;0;0;0;0;Unknown
UDP;2026-04-20 10:59:36.126434;2026-04-20 10:59:36.140429;0.013995;2;1;1;TRUE;1.0;216;70;146;148;36;112;1.429.081.814.933.900;15.434.083.601.286.100;70;146;108.0;13.995.000.000.000.000;13.995.000.000.000.000;13.995.000.000.000.000;;0;0;0;0;Unknown
UDP;2026-04-20 11:01:11.939944;2026-04-20 11:01:11.953654;0.01371;2;1;1;TRUE;1.0;216;70;146;148;36;112;14.587.892.049.598.800;1.575.492.341.356.670;70;146;108.0;13.71;13.71;13.71;;0;0;0;0;Unknown
UDP;2026-04-20 11:04:44.378417;2026-04-20 11:04:44.392824;0.014407;2;1;1;TRUE;1.0;216;70;146;148;36;112;13.882.140.626.084.500;14.992.711.876.171.300;70;146;108.0;14.407;14.407;14.407;;0;0;0;0;Unknown
UDP;2026-04-20 11:01:47.566042;2026-04-20 11:01:47.568514;0.002472;2;1;1;TRUE;1.0;209;75;134;141;41;100;8.090.614.886.731.390;8.454.692.556.634.300;75;134;104.5;2.472;2.472;2.472;;0;0;0;0;Unknown
UDP;2026-04-20 10:58:45.130525;2026-04-20 10:58:45.145552;0.015027;2;1;1;TRUE;1.0;202;73;129;134;39;95;1.330.937.645.571.300;1.344.247.022.027.010;73;129;101.0;15.027.000.000.000.000;15.027.000.000.000.000;15.027.000.000.000.000;;0;0;0;0;Unknown
UDP;2026-04-20 11:06:24.651787;2026-04-20 11:06:24.666688;0.014901;2;1;1;TRUE;1.0;202;73;129;134;39;95;1.342.191.799.208.100;1.355.613.717.200.180;73;129;101.0;14.901;14.901;14.901;;0;0;0;0;Unknown
UDP;2026-04-20 10:57:18.063265;2026-04-20 10:57:18.077478;0.014213;2;1;1;TRUE;1.0;202;73;129;134;39;95;140.716.245.690.565;14.212.340.814.747.000;73;129;101.0;14.213;14.213;14.213;;0;0;0;0;Unknown
UDP;2026-04-20 11:05:36.098185;2026-04-20 11:05:36.111672;0.013487;2;1;1;TRUE;1.0;196;70;126;128;36;92;14.829.094.683.769.500;14.532.512.790.094.100;70;126;98.0;13.487;13.487;13.487;;0;0;0;0;Unknown
UDP;2026-04-20 10:57:40.488140;2026-04-20 10:57:40.502836;0.014696;2;1;1;TRUE;1.0;196;70;126;128;36;92;13.609.145.345.672.200;13.336.962.438.758.800;70;126;98.0;14.696.000.000.000.000;14.696.000.000.000.000;14.696.000.000.000.000;;0;0;0;0;Unknown
UDP;2026-04-20 10:59:36.127177;2026-04-20 10:59:36.141602;0.014425;2;1;1;TRUE;1.0;196;70;126;128;36;92;1.386.481.802.426.340;13.587.521.663.778.100;70;126;98.0;14.425;14.425;14.425;;0;0;0;0;Unknown
UDP;2026-04-20 11:04:44.378831;2026-04-20 11:04:44.392824;0.013993;2;1;1;TRUE;1.0;196;70;126;128;36;92;1.429.286.071.607.230;14.007.003.501.750.800;70;126;98.0;13.993;13.993;13.993;;0;0;0;0;Unknown
UDP;2026-04-20 11:01:11.940426;2026-04-20 11:01:11.955048;0.014622;2;1;1;TRUE;1.0;196;70;126;128;36;92;1.367.801.942.278.750;13.404.459.034.331.800;70;126;98.0;14.622;14.622;14.622;;0;0;0;0;Unknown
UDP;2026-04-20 10:58:45.130856;2026-04-20 10:58:45.144792;0.013936;2;1;1;TRUE;1.0;178;73;105;110;39;71;14.351.320.321.469.500;12.772.675.086.107.900;73;105;89.0;13.936;13.936;13.936;;0;0;0;0;Unknown
UDP;2026-04-20 10:57:18.064270;2026-04-20 10:57:18.079130;0.01486;2;1;1;TRUE;1.0;178;73;105;110;39;71;13.458.950.201.884.200;11.978.465.679.676.900;73;105;89.0;14.86;14.86;14.86;;0;0;0;0;Unknown
UDP;2026-04-20 11:06:24.652367;2026-04-20 11:06:24.667386;0.015019;2;1;1;TRUE;1.0;178;73;105;110;39;71;13.316.465.809.974.000;1.185.165.457.087.680;73;105;89.0;15.019;15.019;15.019;;0;0;0;0;Unknown
UDP;2026-04-20 11:04:44.379171;2026-04-20 11:04:44.396200;0.017029;2;1;1;TRUE;1.0;172;70;102;104;36;68;11.744.670.855.599.200;10.100.416.935.815.300;70;102;86.0;17.029;17.029;17.029;;0;0;0;0;Unknown
UDP;2026-04-20 11:01:11.940812;2026-04-20 11:01:11.954644;0.013832;2;1;1;TRUE;1.0;172;70;102;104;36;68;14.459.224.985.540.700;12.434.933.487.565.000;70;102;86.0;13.832;13.832;13.832;;0;0;0;0;Unknown
UDP;2026-04-20 10:59:36.127687;2026-04-20 10:59:36.142797;0.01511;2;1;1;TRUE;1.0;172;70;102;104;36;68;13.236.267.372.600.900;11.383.189.940.436.700;70;102;86.0;15.11;15.11;15.11;;0;0;0;0;Unknown
UDP;2026-04-20 10:57:40.488570;2026-04-20 10:57:40.502836;0.014266;2;1;1;TRUE;1.0;172;70;102;104;36;68;14.019.346.698.443.800;12.056.638.160.661.700;70;102;86.0;14.266;14.266;14.266;;0;0;0;0;Unknown
UDP;2026-04-20 11:05:36.098946;2026-04-20 11:05:36.113716;0.01477;2;1;1;TRUE;1.0;172;70;102;104;36;68;13.540.961.408.259.900;11.645.226.811.103.500;70;102;86.0;14.77;14.77;14.77;;0;0;0;0;Unknown
TCP;2026-04-20 10:56:06.907757;2026-04-20 10:56:06.924088;0.016331;3;2;1;TRUE;2.0;168;108;60;66;40;26;18.369.971.220.378.400;10.287.183.883.411.900;54;60;56.0;81.655;0.17;16.160.999.999.999.900;A,FA;0;2;0;3;Ongoing
ARP;2026-04-20 10:59:09.422430;2026-04-20 10:59:10.952272;1.529.842;3;3;0;FALSE;inf;126;126;0;0;0;0;19.609.868.208.612.300;8.236.144.647.617.200;42;42;42.0;764.921;528.38;10.014.620.000.000.000;;0;0;0;0;Unknown
UDP;2026-04-20 10:55:03.768523;2026-04-20 10:55:03.768523;0.0;1;1;0;FALSE;inf;120;120;0;66;66;0;0.0;0.0;120;120;120.0;0.0;0.0;0.0;;0;0;0;0;Unknown
